Time,Time Code,Country Name,Country Code,GDP (current US$) [NY.GDP.MKTP.CD],GDP growth (annual %) [NY.GDP.MKTP.KD.ZG],"Inflation, consumer prices (annual %) [FP.CPI.TOTL.ZG]",Gross capital formation (% of GDP) [NE.GDI.TOTL.ZS],"Life expectancy at birth, total (years) [SP.DYN.LE00.IN]",Individuals using the Internet (% of population) [IT.NET.USER.ZS],Access to electricity (% of population) [EG.ELC.ACCS.ZS],Exports of goods and services (% of GDP) [NE.EXP.GNFS.ZS],Domestic credit to private sector by banks (% of GDP) [FD.AST.PRVT.GD.ZS]
2000,YR2000,Germany,DEU,1966980701145.1,2.87724595591061,1.4402683871974,23.9639660790924,77.9268292682927,30.2163,100,29.6806532498145,..
2000,YR2000,India,IND,468395521654.458,3.84099115659129,4.00943591045191,25.677316683955,62.749,0.527532,60.3,12.9972363113479,28.3395511575183
2000,YR2000,Australia,AUS,416167815092.908,3.9215029305806,4.45743514797223,26.2504640290701,79.2341463414634,46.7561,100,19.3902280759468,87.5351786851453
2000,YR2000,Austria,AUT,196181599831.287,3.18952292988787,2.34486285357281,25.9400787116929,78.1268292682927,33.7301,100,43.591091462861,..
2000,YR2000,Belgium,BEL,236792460312.471,3.71670510672588,2.54451776190909,23.7829613022103,77.7219512195122,29.4317,100,72.5473951580567,..
2000,YR2000,Brazil,BRA,655448231983.527,4.38794944745618,7.04414105947266,18.9031192683871,69.584,2.87069,94.4,10.1880480043795,31.1409857776162
2000,YR2000,China,CHN,1223754919971.05,8.58643201808462,0.347811226864583,33.6326827140045,72.288,1.77591,96.7,20.681599363293,109.886100489001
2000,YR2000,Denmark,DNK,164043817223.59,3.72400899471576,2.90328203236453,22.2944061771116,76.5926829268293,39.1724,100,44.8786835833686,131.921491858454
2000,YR2000,Indonesia,IDN,165021012077.81,4.9200677470169,3.68862037056682,22.2456969315568,66.292,0.925564,86.3,40.9773084738704,19.4493127243582
2000,YR2000,Ireland,IRL,100207610429.909,9.40352464290197,5.57763269940386,24.5079507553549,76.5365853658537,17.8505,100,94.3894577763648,..
2000,YR2000,Israel,ISR,136512300542.025,8.58208942390802,1.0326364099949,25.7054135720842,78.9536585365854,20.8738,100,33.7710777307984,70.2366410540144
2000,YR2000,Italy,ITA,1149661363439.38,3.88209885062652,2.53768532095001,21.3236101039876,79.7780487804878,23.1109,100,25.5611956255751,..
2000,YR2000,Japan,JPN,4968359075956.59,2.76464755136783,-0.67657868359508,28.417439318872,81.0760975609756,29.9907,100,10.4634942027505,181.702379282568
2000,YR2000,"Korea, Rep.",KOR,576179387819.613,9.06083332508534,2.25916580080157,32.8936286973186,75.909756097561,44.7,100,33.9391689573172,70.1710038635161
2000,YR2000,Luxembourg,LUX,21230182989.3036,6.93812976136098,3.15076707022592,22.5591443010138,77.8731707317073,22.8873,100,147.644884433486,..
2000,YR2000,Malaysia,MYS,93789736842.1053,8.85886816969386,..,26.8674891484592,72.732,21.3847,98.6,119.809708726968,126.729338410947
2000,YR2000,Mexico,MEX,742061329749.127,5.02928399378261,9.49156149435403,22.2649246086997,72.562,5.08138,98,24.2311734681303,13.4442241811453
2000,YR2000,Netherlands,NLD,417649282153.726,4.2197537762102,2.36052233801948,22.4588724676077,77.9878048780488,43.9844,100,66.4429411465509,..
2000,YR2000,New Zealand,NZL,52623281956.7031,2.87005108790095,2.6152344624632,22.0345630387436,78.6365853658537,47.3796,100,35.7454584901409,107.895251128598
2000,YR2000,Norway,NOR,171457201935.968,3.31894570142394,3.08550609131276,21.8180384485916,78.6341463414634,52,100,45.612776085856,64.251238460254
2000,YR2000,Portugal,PRT,118605192877.388,3.81617712035907,2.85303039287157,28.7766387963597,76.3146341463415,16.4305,100,28.2046205938904,..
2000,YR2000,Qatar,QAT,17759890109.8901,8.02812545191884,..,20.1512854623643,75.25,4.86368,100,67.2833585991399,26.8191380750549
2000,YR2000,Russian Federation,RUS,259710142196.943,10.0000668136515,20.7987606558704,18.6937601947688,65.4836585365854,1.97723,97.8,44.0604413055146,..
2000,YR2000,Saudi Arabia,SAU,189514933333.333,4.71813422138024,-1.12500055218228,19.3169649955465,72.607,2.21069,100,43.4052690306903,24.2356134468207
2000,YR2000,Singapore,SGP,96076539925.7409,9.03831632555163,..,35.1740359977879,77.9512195121951,36,100,188.350890284751,96.0458219527097
2000,YR2000,Slovenia,SVN,20159190701.6789,3.49791942086068,8.91174418658768,29.0574911701523,75.4121951219512,15.1103,100,50.4595684798996,..
2000,YR2000,South Africa,ZAF,151752757215.309,4.20000000067826,5.33895913599827,15.0602810875446,58.368,5.34856,72.4,24.4043033106919,60.5060286182793
2000,YR2000,Spain,ESP,598102854756.08,5.20064125553942,3.43351563418767,26.6723700485971,78.9658536585366,13.625,100,28.5889225704133,..
2000,YR2000,Switzerland,CHE,279216033870.204,3.95871990780931,1.5585291967901,27.2341910868659,79.6804878048781,47.1,100,51.4377228768854,141.863669273403
2000,YR2000,Sweden,SWE,262905197441.662,4.63111600378974,0.899143734041626,22.2308295866389,79.6439024390244,45.6877,100,43.2446165917328,39.7996919615243
2000,YR2000,Thailand,THA,126392224253.794,4.45524704335014,..,22.2826056940878,71.205,3.68904,82.1,64.840250738685,105.121801168483
2000,YR2000,Turkiye,TUR,274294623164.043,6.93323970455904,54.9153705812683,23.7182041889344,71.931,3.76169,99.9,19.8811989046161,17.2515229522909
2000,YR2000,United Arab Emirates,ARE,104337372362.151,10.852704215378,..,..,76.347,23.6253,100,..,31.2720686676462
2000,YR2000,United States,USA,10250952000000,4.07758576006954,3.37685727149929,23.678356897974,76.6365853658537,43.0792,100,10.6927727297913,48.9748854545412
2000,YR2000,United Kingdom,GBR,1665534876683.31,4.34163419265596,1.18295624210409,18.4186810471387,77.7414634146342,26.8218,100,25.6598216491998,113.945829760019
2000,YR2000,Viet Nam,VNM,31172518403.3162,6.78731640463151,..,29.6099138223826,72.746,0.254248,88.2,53.9214970089166,35.2590740095008
2001,YR2001,Germany,DEU,1966381496641.73,1.63654099437316,1.98385731334472,22.7645716524028,78.3292682926829,31.6509,100,30.5604113813066,111.240170458005
2001,YR2001,India,IND,485440139204.171,4.82396626555771,3.77929312235638,29.9078889827325,63.158,0.660146,62,12.5583796339108,28.6194154254102
2001,YR2001,Australia,AUS,379629301675.108,2.02510553454593,4.40713536201469,23.3930636328424,79.6341463414634,52.6893,100,22.1523263999819,88.3590787133765
2001,YR2001,Austria,AUT,196477206829.33,1.31698749571339,2.65000077279529,25.4261245518381,78.5756097560976,39.1855,100,44.8518101806208,89.7803638574187
2001,YR2001,Belgium,BEL,236746141604.37,1.09960362419645,2.46925823086077,22.6338254993949,77.9731707317073,31.2884,100,71.6119589202939,66.2984721275927
2001,YR2001,Brazil,BRA,559983634798.981,1.38989640095637,6.84035902487524,18.7418602950836,69.98,4.52849,96,12.37171066993,29.0040380210043
2001,YR2001,China,CHN,1355036590251.52,8.31263887091522,0.719125609120118,35.523858010134,72.675,2.63965,97,20.0776873829946,108.600447763989
2001,YR2001,Denmark,DNK,164881594415.341,0.95003224600012,2.33787000255262,21.7493884508849,76.7926829268293,42.9575,100,45.5295862400865,138.613679741025
2001,YR2001,Indonesia,IDN,160446947784.909,3.64346644721492,11.5001160550887,22.539266316067,66.583,2.01861,86.3,39.0321390955111,18.1556997355317
2001,YR2001,Ireland,IRL,109346669229.695,5.30582177251378,4.85280279607477,24.2562415894467,77.1341463414634,23.1388,100,95.2243824665404,71.776397881
2001,YR2001,Israel,ISR,135002039612.906,0.277927326527333,1.1230283911672,25.5112065105127,79.4073170731707,17.3786,100,29.5058979011867,74.3154792954158
2001,YR2001,Italy,ITA,1172041488805.87,2.00643329837733,2.78516542713554,21.3054469235642,80.1268292682927,27.2221,100,25.5610801918444,59.9103207179669
2001,YR2001,Japan,JPN,4374711694090.87,0.386103426142029,-0.740055504162812,27.7549548681953,81.4163414634146,38.5321,100,10.0767999632844,105.684092602349
2001,YR2001,"Korea, Rep.",KOR,547656279894.587,4.85239957151281,4.06657587897793,31.6029375635501,76.4121951219512,56.6,100,31.7877410482541,103.229222655668
2001,YR2001,Luxembourg,LUX,21387533703.2327,3.07435550952719,2.66382110579102,22.2118034133241,77.8243902439025,36.1634,100,146.200905707728,78.4548205201812
2001,YR2001,Malaysia,MYS,92783947368.4211,0.517675319192861,1.41678473206098,24.398219973396,73.08,26.696,98.6,110.402491356547,127.232205831884
2001,YR2001,Mexico,MEX,796064590549.136,-0.450845253215945,6.36773806235037,20.2738215598554,72.912,7.03802,97.1,21.5412102050357,11.0377003130593
2001,YR2001,Netherlands,NLD,432536219668.898,2.32357570819386,4.15584127195613,22.6044175168395,78.190243902439,49.3731,100,63.3725444723061,110.22236670732
2001,YR2001,New Zealand,NZL,53872425916.6248,3.41099312247906,2.62581630392902,22.9520169059606,78.6926829268293,53.241,100,35.4310398408851,106.702514140096
2001,YR2001,Norway,NOR,174239354070.977,2.06713043546189,3.00419703998237,20.55022378133,78.7853658536585,64,100,44.9851535831821,89.506404511881
2001,YR2001,Portugal,PRT,121604107164.997,1.94367212411221,4.36990330551794,28.1574917811274,76.8146341463415,18.0871,100,27.4373261135265,114.86502644975
2001,YR2001,Qatar,QAT,17538461538.4615,3.89818666233907,..,29.1196741854637,75.486,6.17027,100,65.8928571428571,34.860546679198
2001,YR2001,Russian Federation,RUS,306602070620.5,5.10005122572568,21.4770072117158,21.9498173349418,65.3834146341463,2.94437,97.9,36.8934935960337,16.823236290639
2001,YR2001,Saudi Arabia,SAU,184137600000,0.344593196175438,-1.12094700105411,19.6231513824444,72.951,4.68105,100,39.633694222871,27.090480162661
2001,YR2001,Singapore,SGP,89793790669.6515,-1.07086275100448,..,27.6094317950146,78.2512195121951,41.6704,100,182.894180709771,115.018373303764
2001,YR2001,Slovenia,SVN,20668868706.8115,2.82868479430465,8.37966587492204,26.8861602046924,75.7585365853659,30.1759,100,52.2659847153184,..
2001,YR2001,South Africa,ZAF,135429905922.526,2.70000000019104,5.70189483049609,14.5737803066035,57.161,6.34662,70.2,26.3566606345688,66.7849346783805
2001,YR2001,Spain,ESP,627798682378.741,3.91908880808811,3.58983413338112,26.4824711323646,79.3682926829268,18.1487,100,27.8768485415674,94.9394409772958
2001,YR2001,Switzerland,CHE,286582672434.226,1.57566198688916,0.989020329832542,27.695136995311,80.1804878048781,55.1,100,50.2026964781874,136.660989970166
2001,YR2001,Sweden,SWE,242499249692.616,1.36076692513873,2.40595834145438,22.3035860362448,79.7951219512195,51.7657,100,42.8987315948306,89.5332045534823
2001,YR2001,Thailand,THA,120296476180.402,3.44424900968372,..,23.1124372100211,71.52,5.55633,90.4,63.250689756653,93.0786561125059
2001,YR2001,Turkiye,TUR,201753123806.695,-5.75000655464257,54.4001887619076,18.0254338636225,72.271,5.18948,99.9,27.1819418753369,14.9142199303558
2001,YR2001,United Arab Emirates,ARE,103311640571.818,1.39908503706675,..,22.5025971503274,77.621,26.2718,100,49.1592253276122,34.4082422274467
2001,YR2001,United States,USA,10581929000000,0.95553834188668,2.82617111885407,22.17672222144,76.8365853658537,49.0808,100,9.70344820873397,50.1525623897269
2001,YR2001,United Kingdom,GBR,1649827263567.01,2.57278043964686,1.53234960272418,18.2973209962177,77.9926829268293,33.4811,100,25.5471650372775,119.336116600575
2001,YR2001,Viet Nam,VNM,32685198808.5549,6.19289331233377,..,31.1727734549497,72.984,1.26565,88.9,55.0619332820827,39.2903936255311
2002,YR2002,Germany,DEU,2102350798305.89,-0.228310223930706,1.42080615551526,20.151752302821,78.2292682926829,48.82,100,31.1904504893495,110.165745012493
2002,YR2002,India,IND,514939140318.756,3.80397532112175,4.29715203929563,30.2513001207186,63.649,1.53788,62.3,14.2643839243147,32.3064890735537
2002,YR2002,Australia,AUS,395788696012.059,3.97958568067362,2.98157453936348,24.4074263067027,79.9365853658537,..,100,20.7266612553969,91.2177033536445
2002,YR2002,Austria,AUT,212837224022.813,1.48436877605324,1.81035787764127,23.7779667439374,78.6780487804878,36.56,100,45.6510533943756,88.718096960876
2002,YR2002,Belgium,BEL,258383599375.177,1.70689430349601,1.64521436175358,20.7474019774138,78.0756097560976,46.33,100,70.8312976956765,64.1321925711394
2002,YR2002,Brazil,BRA,509795273806.715,3.05346185909312,8.45016437708332,17.4490794834956,70.396,9.14943,96.7,14.2305902713775,29.6451419418143
2002,YR2002,China,CHN,1489821682050.54,9.24339326638321,-0.731970902350249,36.0687816828708,73.034,4.5957,97.2,22.3518233715808,115.811734309503
2002,YR2002,Denmark,DNK,178788209558.311,0.456530018779986,2.42443661219696,21.256815503883,76.8951219512195,64.25,100,45.6653553506862,141.46569709683
2002,YR2002,Indonesia,IDN,195660611165.183,4.49947539085764,11.9001200338414,21.4040702075173,66.954,2.13414,87.6,32.6876208878375,19.3419290150241
2002,YR2002,Ireland,IRL,128596035288.401,5.89936644855928,4.62820512820515,24.0825971908065,77.6341463414634,25.85,100,90.449477107344,75.4068879464266
2002,YR2002,Israel,ISR,125332331883.997,-0.134072634658438,5.8023458946843,24.1887720819014,79.4512195121951,17.7646,100,30.8726038348007,77.1553332439362
2002,YR2002,Italy,ITA,1281746271196.04,0.26992966378873,2.46532319171166,22.0519500121835,80.2292682926829,28.04,100,24.3126948188163,61.6384793639264
2002,YR2002,Japan,JPN,4182846045873.61,0.0419624992862282,-0.923494026942286,25.8988591910406,81.6907317073171,46.5942,100,10.8554456072287,98.7384807047455
2002,YR2002,"Korea, Rep.",KOR,627246933729.618,7.72514267547173,2.76226210296598,31.0928327590252,76.7658536585366,59.4,100,29.7727544096379,112.651109097992
2002,YR2002,Luxembourg,LUX,23649833332.1655,3.22541782301025,2.07408613571644,20.4278629315455,77.9658536585366,39.84,100,136.361720123078,67.4938080199567
2002,YR2002,Malaysia,MYS,100845526315.789,5.39098830692797,1.80787246281536,24.7773431485884,73.469,32.3382,98.6,108.305302795051,121.351916819106
2002,YR2002,Mexico,MEX,810666116401.915,-0.236588001922641,5.03072733151295,20.4084256272915,73.106,11.9,97.9,21.8517619236376,12.560417421143
2002,YR2002,Netherlands,NLD,475529972122.746,0.245785659129112,3.28753104712771,20.9657566797441,78.2926829268293,61.29,100,60.1048715353519,108.80306461908
2002,YR2002,New Zealand,NZL,66627729311.4495,4.71347767117496,2.67709257711606,22.7465398243836,78.8463414634146,59.0808,100,32.8470717038637,101.596319009328
2002,YR2002,Norway,NOR,195914852576.467,1.37755702173065,1.28672528415183,20.3302123524354,78.9878048780488,72.84,100,40.4688823606507,95.5596578454427
2002,YR2002,Portugal,PRT,134795565549.419,0.770924777292066,3.60034658290913,25.9043294973227,77.0658536585366,19.37,100,27.0733622325977,118.917524058891
2002,YR2002,Qatar,QAT,19363736263.7363,7.18215168021513,..,32.6471255887861,75.766,10.2261,100,60.3427728278758,28.6488805970149
2002,YR2002,Russian Federation,RUS,345470494417.863,4.69999190914258,15.7887307914463,20.0295461890033,65.1287804878049,4.12827,97.9,35.2125940630626,17.9603896403675
2002,YR2002,Saudi Arabia,SAU,189605866666.667,-0.688390130317757,0.247189309008564,19.6933428220224,73.296,6.38471,100,40.94880327191,28.9483976585816
2002,YR2002,Singapore,SGP,92538372869.6942,3.92336076702013,..,25.0736127933875,78.5512195121951,47,100,184.086118066532,102.02168884254
2002,YR2002,Slovenia,SVN,23214593516.2095,3.28258371393918,7.48077770703754,25.70100156278,76.0073170731707,27.8389,100,52.9416529201899,..
2002,YR2002,South Africa,ZAF,129087556612.449,3.70037440406668,9.494713780996,15.036119660525,55.58,6.71032,76.7,28.4311672176802,50.124844442117
2002,YR2002,Spain,ESP,708938227243.923,2.75545611564098,3.06565685902219,26.705648861478,79.5682926829268,20.39,100,26.5642672698948,99.2929603794007
2002,YR2002,Switzerland,CHE,309301422430.386,-0.0732172569941127,0.642711506543279,26.2149402183817,80.3853658536585,61.4,100,48.5596411646909,137.508267166597
2002,YR2002,Sweden,SWE,267373345246.531,2.27767113062968,2.15848213589264,21.6043689870445,79.8463414634146,70.57,100,41.160909734463,89.6179910990447
2002,YR2002,Thailand,THA,134300904400.022,6.14903605210036,..,22.7441937694577,71.775,7.53125,91,60.6457526009701,96.8693914875577
2002,YR2002,Turkiye,TUR,240249071871.106,6.44772204681594,44.9641209479849,21.107589539959,72.605,11.38,99.8,25.1051190164424,14.0547619893406
2002,YR2002,United Arab Emirates,ARE,109816201497.617,2.43345681089617,..,22.5456815521944,78.721,28.3165,100,49.5033473840813,36.1001735680635
2002,YR2002,United States,USA,10929108000000,1.7004473278454,1.58603162650601,21.722669407238,76.9365853658537,58.7854,100,9.13138565379718,50.3122652888464
2002,YR2002,United Kingdom,GBR,1785729916067.15,1.79566074059649,1.52040245947455,18.3525971535261,78.1439024390244,56.48,100,24.5103610004373,124.171527035795
2002,YR2002,Viet Nam,VNM,35064105500.8344,6.32082099160833,..,33.2205344910613,73.138,1.855,89.1,54.7391336880928,43.1307744856858
2003,YR2003,Germany,DEU,2534715518349.01,-0.529929010433477,1.03422218628562,19.5766263092364,78.3804878048781,55.9,100,31.2678451095809,108.505942047742
2003,YR2003,India,IND,607700687237.318,7.8603814759073,3.8058589952885,30.8396999424416,64.086,1.68649,65.4,14.9479138581734,31.6262656186491
2003,YR2003,Australia,AUS,467739079790.332,3.09076190489348,2.73259596616786,25.9369848139976,80.2390243902439,..,100,19.0572127285496,99.1347105275741
2003,YR2003,Austria,AUT,260779834340.097,1.14156504542775,1.35555370896452,24.4562050749722,78.6317073170732,42.7,100,44.8257225915126,87.9545213374514
2003,YR2003,Belgium,BEL,318082528506.588,1.03795518162204,1.58896399970379,20.9647077064668,78.1292682926829,49.97,100,69.0365085088844,62.5301831222026
2003,YR2003,Brazil,BRA,558233745651.874,1.14082899824888,14.7149197228147,16.8566884007152,70.884,13.2076,97,15.1807837086861,27.6856699444345
2003,YR2003,China,CHN,1683903309843.85,10.1181928640117,1.12760348729637,39.4280130265115,73.385,6.2,97.4,26.6023738514511,123.760461710766
2003,YR2003,Denmark,DNK,218421193436.252,0.441091006625101,2.07507820646508,20.885998901756,77.1439024390244,76.26,100,43.7731471646248,139.864644973646
2003,YR2003,Indonesia,IDN,234772463823.808,4.78036912167654,6.75731256333563,25.5984983869787,67.134,2.38702,87.9,30.4776547809661,21.1893780653538
2003,YR2003,Ireland,IRL,164670771259.602,3.01383792883469,3.49221909079765,25.7442230479854,78.1390243902439,34.31,100,80.8405915956942,85.7141754141768
2003,YR2003,Israel,ISR,131408914824.005,1.4490576944626,0.707630616818064,22.8189221878312,79.6487804878049,19.5934,100,32.6890976814998,73.8443459121274
2003,YR2003,Italy,ITA,1582930016538.82,0.0665538088732092,2.67255552772849,21.5802501954429,79.9829268292683,29.04,100,23.2240496903642,64.9071807206875
2003,YR2003,Japan,JPN,4519561645253.53,1.53512549946694,-0.25654181631606,25.6609651799745,81.76,48.4353,100,11.4658015766594,94.7063049197986
2003,YR2003,"Korea, Rep.",KOR,702714855193.904,3.14729119373409,3.51487451459939,32.2796152215581,77.2146341463415,65.5,100,31.3978372633201,111.115985740985
2003,YR2003,Luxembourg,LUX,29667268248.1305,2.61937861354482,2.04984030563517,21.3095582474848,77.7268292682927,54.55,100,132.848052488235,69.0540352114956
2003,YR2003,Malaysia,MYS,110202368421.053,5.7884992858875,1.08967632577286,22.7633850643195,73.727,34.9712,98.7,106.943446148115,118.591510355351
2003,YR2003,Mexico,MEX,765549967888.647,1.18554486709559,4.54690012118718,20.8808458648635,73.308,12.9,97.4,23.6555935033272,12.7812429704676
2003,YR2003,Netherlands,NLD,582435617081.96,0.097832364227159,2.09199838997654,20.4311120001709,78.4926829268293,64.35,100,59.2393489233853,108.372289041971
2003,YR2003,New Zealand,NZL,88250885550.2626,4.72804204913962,1.75357444759557,24.128385766287,79.1463414634146,60.9625,100,29.8397254017245,106.912278030754
2003,YR2003,Norway,NOR,229385469337.024,0.944909363247831,2.48782553461784,19.4284817082745,79.390243902439,78.13,100,39.6723098094631,98.4228196322512
2003,YR2003,Portugal,PRT,165226175536.793,-0.930521040324891,3.21899090682895,23.1147053583821,77.219512195122,29.67,100,27.3671918978917,120.535758113191
2003,YR2003,Qatar,QAT,23533791208.7912,3.71995867654906,..,34.8656946406266,76.097,19.2423,100,61.6975823867948,29.9643439991595
2003,YR2003,Russian Federation,RUS,430347420184.885,7.29995234528189,13.6632930228666,20.8589584807348,65.0275609756098,8.29886,97.9,35.2499817757806,21.2352389193732
2003,YR2003,Saudi Arabia,SAU,215807733333.333,8.76873381743964,0.612194122665989,19.4924123818856,73.657,8.00158,100,45.8541491871159,28.2333101439677
2003,YR2003,Singapore,SGP,97646401095.6369,4.54825542643229,..,17.2245248736318,79.0390243902439,53.8379,100,202.586206389804,104.782036458245
2003,YR2003,Slovenia,SVN,29360575031.8177,3.19503117236037,5.54416421752901,26.8382582282831,76.8585365853659,31.8548,100,51.4798131882271,..
2003,YR2003,South Africa,ZAF,197018965308.697,2.94907546754213,5.679424140688,15.6571145272722,54.245,7.00769,78.8,23.9152733614034,54.0590200178425
2003,YR2003,Spain,ESP,907963217057.645,2.9392895953076,3.03888839396655,27.5285511216757,79.619512195122,39.93,100,25.6155917093049,106.544052882645
2003,YR2003,Switzerland,CHE,362075086507.76,-0.0323984255438887,0.638272930887198,25.9844181861728,80.5365853658537,65.1,100,47.7207184344473,140.886754633401
2003,YR2003,Sweden,SWE,334074051172.972,1.88094411817545,1.92565534892391,21.2455805699441,80.0951219512195,79.13,100,40.3353343774744,89.9089479877827
2003,YR2003,Thailand,THA,152280615245.887,7.18924330340971,..,23.829298673817,72.101,9.29903,91.6,61.522551633189,94.1345281515536
2003,YR2003,Turkiye,TUR,314595572145.767,5.76320606654714,21.6024384490573,22.3086235794323,72.906,12.33,99.8,23.0061778959535,14.0106600106125
2003,YR2003,United Arab Emirates,ARE,124346358066.712,8.80054081355328,..,22.1297618369823,79.6,29.478,100,55.9231992151745,36.1630702795503
2003,YR2003,United States,USA,11456450000000,2.79560596521233,2.27009497336115,21.7456192799689,77.0365853658537,61.6971,100,9.03565240541354,51.4630657844523
2003,YR2003,United Kingdom,GBR,2054422857142.86,3.15234651882265,1.37650038542013,17.9387189728641,78.4463414634146,64.82,100,24.0564905660977,129.109997822518
2003,YR2003,Viet Nam,VNM,39552513231.9169,6.89906349055258,3.23464817293926,35.444857957463,73.236,3.78028,90.3,56.6732579147533,48.37235081336
2004,YR2004,Germany,DEU,2852317768061.78,1.16236825444811,1.66573696655992,19.0213864564072,78.6804878048781,64.73,100,33.9352126434777,105.024726999965
2004,YR2004,India,IND,709152728830.775,7.92293661199932,3.76725173477515,35.0964917017773,64.484,1.97614,64.4,17.8591249630479,36.1918038545968
2004,YR2004,Australia,AUS,614659980082.515,4.22428481359962,2.34325522482584,27.0636473789158,80.490243902439,..,100,17.1624682179729,102.611545762354
2004,YR2004,Austria,AUT,299210411454.823,2.56525534067859,2.06120618032862,24.2036725711211,79.1804878048781,54.28,100,47.2191991038628,88.0861722590027
2004,YR2004,Belgium,BEL,369214712443.206,3.57120671942319,2.09728311239315,22.6670601715452,78.8780487804878,53.86,100,70.906277447218,61.841919522188
2004,YR2004,Brazil,BRA,669289424806.307,5.75996463670954,6.59718509985963,17.9125683422575,71.361,19.0737,96.8,16.5457615119353,29.372770255415
2004,YR2004,China,CHN,1984196551300.44,10.1314073631003,3.8246374310816,41.6343741627493,73.727,7.3,97.7,30.6097162464404,116.828196166305
2004,YR2004,Denmark,DNK,251986155630.852,2.77635180744053,1.15435693124932,21.6460819600503,77.4926829268293,80.93,100,43.821544808921,145.291740243273
2004,YR2004,Indonesia,IDN,256836875295.452,5.03087394501685,6.06406189133647,24.0563663747717,65.521,2.60029,89,32.2166946182599,24.7220734058615
2004,YR2004,Ireland,IRL,194372115041.065,6.78813894175178,2.17854605730523,27.2182633667919,78.5390243902439,36.99,100,80.4755800800168,104.895719569245
2004,YR2004,Israel,ISR,140047984605.087,4.64789744397389,-0.421595034547413,22.7469810591964,80.1463414634146,22.7705,100,37.2034160019932,72.0128329445673
2004,YR2004,Italy,ITA,1812808753294.75,1.4740217064723,2.20673661423658,21.6420048852847,80.7804878048781,33.24,100,23.9268409466402,67.1749295059094
2004,YR2004,Japan,JPN,4893116005656.56,2.18611569439318,-0.00857338820306043,25.638207264098,82.030243902439,62.3939,100,12.7862646247862,91.8939503125136
2004,YR2004,"Korea, Rep.",KOR,793175561887.027,5.19739136324382,3.59066298882578,32.5495531236433,77.6658536585366,72.7,100,36.7543364487134,105.859883413221
2004,YR2004,Luxembourg,LUX,35064843792.8993,4.23188928835465,2.22567916428889,21.3053196225941,79.1219512195122,65.88,100,143.73436357449,65.9964688128905
2004,YR2004,Malaysia,MYS,124749473684.211,6.78343772370305,1.42127115937403,23.0495646010531,74.027,42.2523,98.7,115.373337721075,111.628782528352
2004,YR2004,Mexico,MEX,819459227375.022,3.56544102622887,4.68840884843143,22.0461782270566,73.432,14.1,98.6,25.1033560080055,12.2130881663775
2004,YR2004,Netherlands,NLD,661224886143.245,2.01630996216733,1.2636473918318,20.2354145150337,79.0951219512195,68.52,100,62.5959181523516,112.327939906654
2004,YR2004,New Zealand,NZL,103905210084.034,4.08796484025709,2.2902490284757,25.2816076708571,79.5487804878049,61.8476,100,29.5434106069527,110.622286634877
2004,YR2004,Norway,NOR,265268662473.297,4.01458802387079,0.454498502220837,21.5094822895293,79.8414634146342,77.69,100,41.11014734445,96.6230842542303
2004,YR2004,Portugal,PRT,189382122532.169,1.7887355199795,2.36536204097302,23.8243238411168,77.6707317073171,31.78,100,27.6670515552519,121.106700978667
2004,YR2004,Qatar,QAT,31734065934.0659,19.2189153397893,..,31.5110118429254,76.484,20.7016,100,64.1682249463259,28.9788065309232
2004,YR2004,Russian Federation,RUS,591016690732.385,7.19994786954857,10.8886157326216,20.9012750797344,65.4709756097561,12.8594,98,34.4178910554597,24.3111152863415
2004,YR2004,Saudi Arabia,SAU,258742133333.333,8.63100545880309,0.515509265673334,19.8646168179799,74.027,10.2345,100,50.9853310838178,32.3542594274042
2004,YR2004,Singapore,SGP,115033593101.049,9.93998268434957,..,22.8924616706012,79.490243902439,62,100,213.951695442646,95.728605740795
2004,YR2004,Slovenia,SVN,34156553313.4031,4.54602214352336,3.59297594249509,29.0471155904874,77.2073170731707,40.81,100,55.4710149538959,44.946768851081
2004,YR2004,South Africa,ZAF,255806908594.573,4.55455990721774,-0.692039437857689,16.9603513170499,53.963,8.42512,80.6,22.7575187856654,55.8545721603873
2004,YR2004,Spain,ESP,1069829382514.67,3.1145314799161,3.03924881090924,28.3028257363739,79.8707317073171,44.01,100,25.3882582473993,115.928325847413
2004,YR2004,Switzerland,CHE,403912891033.374,2.70170912949028,0.802908730955232,24.548464470039,81.0878048780488,67.8,100,51.2999852986173,142.70395699742
2004,YR2004,Sweden,SWE,384547211147.247,4.17953040762463,0.373659828721814,21.1624986420731,80.4975609756098,83.89,100,42.7181679823666,91.6346042585295
2004,YR2004,Thailand,THA,172895685154.658,6.28934214285795,..,25.6814147024811,72.1,10.6773,92.2,65.9718573391185,95.1420717799672
2004,YR2004,Turkiye,TUR,408865430220.331,9.79593638920282,8.59826168115273,24.9817147828372,73.223,14.58,99.7,23.6247532110161,16.5723956447179
2004,YR2004,United Arab Emirates,ARE,147824370319.946,9.56643663767056,..,19.9785190602061,80.272,30.1313,100,63.5677298138648,37.7109332547409
2004,YR2004,United States,USA,12217196000000,3.84777169424153,2.67723669309172,22.6521453858971,77.4878048780488,64.7583,100,9.62874787307988,53.333891813761
2004,YR2004,United Kingdom,GBR,2421525082387.4,2.45790443810543,1.39039756680422,17.7742645941403,78.7463414634146,65.61,100,24.0722889197868,136.666220588113
2004,YR2004,Viet Nam,VNM,45427854693.2554,7.53641060890386,7.75494748709601,35.46533166878,73.062,7.64241,91,59.7310414143857,58.7224307884587
2005,YR2005,Germany,DEU,2893393187361.87,0.885697256705441,1.54691114751329,18.7355259254163,78.9317073170732,68.71,100,35.9531497908166,103.75352043032
2005,YR2005,India,IND,820383763511.445,7.92343062148318,4.24634362031923,37.4282640165983,64.939,2.38807,68.8,19.6052466948335,40.0679804780573
2005,YR2005,Australia,AUS,695692898676.56,3.15416753184221,2.69183168316832,27.4568260355592,80.8414634146341,63,100,18.224372786193,108.433078240274
2005,YR2005,Austria,AUT,313952317330.776,2.32036514266782,2.29913785639286,23.9653234755669,79.3317073170732,58,100,48.9511516701756,94.6325863976671
2005,YR2005,Belgium,BEL,385714762230.039,2.32173792911834,2.78143263670022,23.6810632000764,78.9804878048781,55.82,100,74.2828289213953,63.5971249938717
2005,YR2005,Brazil,BRA,891633839894.183,3.20213206130431,6.86953720898965,17.2048834494962,71.832,21.0227,97.1,15.2438292665623,31.8397841549909
2005,YR2005,China,CHN,2317551298052.05,11.458238455067,1.7764140766757,40.178086700104,74.085,8.52326,97.9,33.3687977498922,110.283274752182
2005,YR2005,Denmark,DNK,265150087711.985,2.35960882992528,1.81781458291254,22.1713094338111,77.8439024390244,82.74,100,47.3751212346545,157.138022062798
2005,YR2005,Indonesia,IDN,285868619196.085,5.69257130383384,10.4532001873347,25.0814099389568,67.531,3.60202,84.8,34.0672676279992,25.5393578387929
2005,YR2005,Ireland,IRL,211876989655.907,5.73978266558288,2.45654692931639,30.3097495862833,78.9439024390244,41.61,100,79.5276963895122,124.638031848001
2005,YR2005,Israel,ISR,147519922009.047,4.38778887041551,1.34070328119492,23.6701125407691,80.1512195121951,25.194,100,38.8199731456125,74.5926339832096
2005,YR2005,Italy,ITA,1864982261286.85,0.762410677306491,1.9852929852798,21.5260216463093,80.7829268292683,35,100,24.5118533579183,70.300040738507
2005,YR2005,Japan,JPN,4831467035389.8,1.80390087215821,-0.282946068764429,26.052325978807,81.9551219512195,66.9211,100,13.8158957221159,95.6803706783426
2005,YR2005,"Korea, Rep.",KOR,934901071332.984,4.30854271411236,2.75379162735039,32.5081847804131,78.1682926829268,73.5,100,35.2830827957409,110.303666998869
2005,YR2005,Luxembourg,LUX,37672280120.4794,2.48287498468387,2.48769665164088,21.5102572947922,79.4317073170732,70,100,153.824409812811,71.2724479975652
2005,YR2005,Malaysia,MYS,143534405818.501,5.33213916141486,2.97507092684449,22.3964178094036,74.37,48.6292,98.7,112.898976779781,106.292938639901
2005,YR2005,Mexico,MEX,917571853529.104,2.11324711473297,3.98805714597437,21.5221459698375,73.627,17.21,98.9,25.4870738285114,13.3082803926152
2005,YR2005,Netherlands,NLD,688133699635.797,2.03396336199143,1.68813017869623,20.3913422355285,79.3463414634146,81,100,65.5858924432585,115.890888447757
2005,YR2005,New Zealand,NZL,114720129550.095,3.35292760405062,3.03702332617012,25.4208681883182,79.8512195121951,62.7202,100,28.2851654320382,120.619902170778
2005,YR2005,Norway,NOR,309978579743.888,2.68512290339085,1.53213367609255,22.4223186651023,80.0414634146342,81.99,100,43.4420594110174,98.5041050807807
2005,YR2005,Portugal,PRT,197253876704.921,0.781847565175809,2.27716394887834,23.3586139281485,78.0707317073171,34.99,100,27.0841675459537,124.690399477514
2005,YR2005,Qatar,QAT,44530494505.4945,7.49275848279068,..,34.3078887785256,76.909,24.7335,100,65.0850448205021,33.7175765465078
2005,YR2005,Russian Federation,RUS,764015973481.11,6.39996544799469,12.6853039507349,20.0774969178103,65.529756097561,15.2267,98,35.2030659651181,25.9183747405821
2005,YR2005,Saudi Arabia,SAU,328459608764.111,5.94489623934835,0.479229463955303,20.1748334986768,74.4,12.705,100,57.050742989557,35.4189179790554
2005,YR2005,Singapore,SGP,127807848728.398,7.36632239250758,..,21.506936250429,79.990243902439,61,100,225.159667736916,89.2230741386686
2005,YR2005,Slovenia,SVN,35947936823.7781,3.8541277114569,2.45150132316474,28.6986499842107,77.6121951219512,46.81,100,60.2413029718392,52.6606899059758
2005,YR2005,South Africa,ZAF,288867217196.534,5.27705197295467,2.06285308223427,16.8318153447643,53.914,7.48854,80.8,23.5997644915436,58.8079522003948
2005,YR2005,Spain,ESP,1154667551775.88,3.5512255846125,3.36881409750383,29.4041085115965,80.1707317073171,47.88,100,24.940578932511,135.871253994626
2005,YR2005,Switzerland,CHE,418284865884.998,2.74969910618739,1.17195420333702,27.1892191875479,81.2365853658537,70.1,100,53.8541740314548,146.36430186013
2005,YR2005,Sweden,SWE,391690329314.475,2.79317686019922,0.453170852576178,21.2769729917349,80.5463414634146,84.83,100,45.3308535530062,99.2671688859539
2005,YR2005,Thailand,THA,189318408468.595,4.18763842884337,..,30.4207508630674,72.894,15.026,92.8,68.402716900887,93.8280727786522
2005,YR2005,Turkiye,TUR,506314717661.655,8.99230493626517,8.17916036802001,26.8036143020067,73.51,15.46,99.7,21.8762675597935,21.2237356325229
2005,YR2005,United Arab Emirates,ARE,180617467964.602,4.85514119553352,..,20.1668488058722,80.779,40,100,67.5853113898841,43.7556575674849
2005,YR2005,United States,USA,13039197000000,3.48354993544559,3.3927468454955,23.375726281304,77.4878048780488,67.9681,100,9.98205641037558,55.2582985887858
2005,YR2005,United Kingdom,GBR,2543180000000,2.73266076681189,2.0891364902507,17.9950798892439,79.0487804878049,70,100,25.2715104711424,142.617796330864
2005,YR2005,Viet Nam,VNM,57633255738.1992,7.54724772895918,8.28457243128677,33.7574028912441,73.198,12.7399,96.1,63.6994926701393,60.4667877825079
2006,YR2006,Germany,DEU,3046308753670.58,3.85573614635729,1.57742642840562,19.897946566207,79.1317073170732,72.16,100,38.9694499171537,100.341277234171
2006,YR2006,India,IND,940259888787.721,8.06073257166651,5.79652337561633,38.9985063717532,65.373,2.8055,67.9,21.2679414221966,43.6277524334268
2006,YR2006,Australia,AUS,748417562769.636,2.75534610557227,3.55528773727026,27.5048144980167,81.0414634146342,66,100,19.8535392187758,113.601509731452
2006,YR2006,Austria,AUT,333905979332.481,3.26933601506059,1.44154851119019,23.8292704822076,79.8804878048781,63.6,100,51.2031559330564,94.7785280472083
2006,YR2006,Belgium,BEL,408259840868.823,2.55234087322462,1.79120770070459,23.9705491132595,79.380487804878,61.9819,100,76.8049970552189,65.833003999674
2006,YR2006,Brazil,BRA,1107626541434.92,3.96198871122617,4.18356812896909,17.8164738793472,72.296,28.1784,97.6,14.3743163038801,35.4251666765934
2006,YR2006,China,CHN,2791498472804.33,12.6746751655235,1.6494309945586,39.6897003482818,74.404,10.5232,98.2,35.5268468681701,107.588678865514
2006,YR2006,Denmark,DNK,283386151543.687,3.81648769908172,1.92422138464594,24.2627515456151,78.0951219512195,86.65,100,50.6843661293202,168.745383886589
2006,YR2006,Indonesia,IDN,364570515618.357,5.50095178520348,13.108670985346,25.4002172943548,67.664,4.76481,90.6,31.0347163143166,23.8680202332176
2006,YR2006,Ireland,IRL,232180617162.279,4.98785480513406,3.93576114001353,31.8932052929498,79.2414634146342,54.82,100,79.0346762561037,144.568695352522
2006,YR2006,Israel,ISR,158900547825.306,5.60162698158004,2.05407914587443,23.5973079641713,80.5536585365854,27.8811,100,39.0366654738202,72.6119912753129
2006,YR2006,Italy,ITA,1958563654385.64,1.79947992234244,2.09084391012754,22.3603695757618,81.2829268292683,37.99,100,26.0530628243151,75.1153209362712
2006,YR2006,Japan,JPN,4601663122649.92,1.3723501275831,0.249355116079105,26.0775543929763,82.3219512195122,68.6853,100,15.6573740466117,96.471047902144
2006,YR2006,"Korea, Rep.",KOR,1053216909887.56,5.26432659466724,2.24234028518922,32.9933079853202,78.6682926829268,78.1,100,35.6264186161218,122.218124674635
2006,YR2006,Luxembourg,LUX,42910146296.0646,6.0167154014547,2.66631494577069,19.0038754886789,79.2878048780488,72.51,100,167.740311680643,74.7241152133084
2006,YR2006,Malaysia,MYS,162692258307.056,5.5848470671515,3.60923564224389,22.7035242231695,74.697,51.638,98.8,112.18548084399,103.48916693477
2006,YR2006,Mexico,MEX,1020265057882.01,4.80501351664901,3.62946762439132,22.5641029454858,73.746,19.52,99.1,26.5547481705759,15.6444828091929
2006,YR2006,Netherlands,NLD,737593995289.411,3.53737509680782,1.10150106517702,20.9352721280667,79.6975609756098,83.7,100,68.1457296355057,112.9576606451
2006,YR2006,New Zealand,NZL,111538810712.665,2.77978059105617,3.36540196171992,23.7593311783447,80.0487804878049,69,100,29.6086137531685,129.355625450571
2006,YR2006,Norway,NOR,346915160681.708,2.46147311635166,2.32934980757543,23.929297473876,80.3439024390244,82.55,100,44.5373237369717,89.0539271715079
2006,YR2006,Portugal,PRT,208756449275.848,1.62503532141992,3.1076654587105,22.9256733300806,78.419512195122,38.01,100,30.3574044411002,133.334160148436
2006,YR2006,Qatar,QAT,60882142857.1429,26.1702456703032,..,41.8887149103609,77.323,28.9741,100,62.8177301668238,35.9945250912635
2006,YR2006,Russian Federation,RUS,989932071352.543,8.20006825456321,9.66865454789263,21.1715918033474,66.7275609756098,18.0233,98.1,33.7304754439762,30.9385804414817
2006,YR2006,Saudi Arabia,SAU,376900133511.348,3.31348473625901,2.20902350206394,22.2151611310309,74.762,19.4596,100,59.8319082445442,33.7245867667594
2006,YR2006,Singapore,SGP,148627286361.351,9.00676607871758,0.96565751901852,22.3792634447668,80.1414634146341,59,100,228.037617061062,84.2869289647475
2006,YR2006,Slovenia,SVN,39260368837.0342,5.90878130011174,2.45792444195865,30.5745557357793,78.0865853658537,54.01,100,65.2348404381098,60.3445532177601
2006,YR2006,South Africa,ZAF,303858675363.643,5.60380645895889,3.24390765419229,18.4902026867601,54.22,7.60714,80.7,26.098249881712,65.8170728868808
2006,YR2006,Spain,ESP,1261846683275.29,4.04343515605099,3.51557576832128,30.5843124611931,80.8219512195122,50.37,100,25.183486968843,156.580256642945
2006,YR2006,Switzerland,CHE,441634672196.523,4.0736284178369,1.05950928324802,27.9189340638126,81.490243902439,75.7,100,56.6091852245621,150.175660852731
2006,YR2006,Sweden,SWE,422530427475.536,4.67599870313569,1.3602146862768,22.454590420444,80.7487804878049,87.76,100,47.5975729379243,102.721719934538
2006,YR2006,Thailand,THA,221758296021.621,4.96781089246107,..,27.0116433930542,73.341,17.1607,99.1,68.6753420333013,88.9058347549099
2006,YR2006,Turkiye,TUR,557076157773.479,6.94798808571993,9.59724212288433,29.3486961558137,73.804,18.24,99.7,22.3948339423242,24.7234860233588
2006,YR2006,United Arab Emirates,ARE,222116541865.214,9.83731976923958,..,19.2703996822451,81.155,52,100,68.6277976715135,47.286885376531
2006,YR2006,United States,USA,13815583000000,2.78453963817891,3.22594410070404,23.5375300484967,77.6878048780488,68.9312,100,10.641389509223,57.1521722561803
2006,YR2006,United Kingdom,GBR,2708441582336.71,2.38069403532468,2.45566166439291,18.3840362816721,79.2487804878049,68.82,100,27.5121294423106,153.270839475611
2006,YR2006,Viet Nam,VNM,66371664817.0436,6.97795481056711,7.41801715108463,34.5366510764767,73.293,17.2546,96,67.7168143260187,65.3595423737595
2007,YR2007,Germany,DEU,3484056680854.91,2.89010717888073,2.29834400700951,20.7873433455798,79.5341463414634,75.16,100,40.6368056265783,95.4983439670839
2007,YR2007,India,IND,1216736438834.96,7.6608150670107,6.37288135593232,41.9507982267334,65.803,3.95,72.3,20.7996997489032,45.6277647457138
2007,YR2007,Australia,AUS,855007458585.224,3.77332171303566,2.32761128891475,27.5019903160907,81.2926829268293,69.45,100,20.1835039296691,120.511803195287
2007,YR2007,Austria,AUT,386760177589.497,3.77522468729185,2.1685552880075,24.7335259294195,80.1804878048781,69.37,100,52.8904832388178,93.183321689626
2007,YR2007,Belgium,BEL,470922156309.453,3.67692462515802,1.82305630026808,24.6032741505197,79.7829268292683,66.7604,100,78.3018047028263,68.4432666538424
2007,YR2007,Brazil,BRA,1397114486368.67,6.06987060678338,3.64127299102653,19.8193259830854,72.73,30.88,98.1,13.3276751040789,40.6909379433524
2007,YR2007,China,CHN,3604055822571.63,14.1499854947127,4.81676767378834,40.2220879226288,74.789,16,98.5,34.9066956194649,104.187272070106
2007,YR2007,Denmark,DNK,320213157595.018,0.987173815945127,1.69326586220316,25.231367727118,78.1951219512195,85.03,100,51.3974872348582,184.03730996541
2007,YR2007,Indonesia,IDN,432216737774.861,6.34502222667214,6.40656087966005,24.9202838487256,67.914,5.78627,91.1,29.4357184851264,25.1634494347
2007,YR2007,Ireland,IRL,270079279419.5,5.31011673012934,4.88574537540807,29.2481055759668,79.6414634146341,61.1583,100,80.8367951764565,158.097607403232
2007,YR2007,Israel,ISR,184681214673.45,6.32334950499747,0.46622697293607,24.4314394857535,80.5048780487805,48.1281,100,38.7309427849305,65.7399933230551
2007,YR2007,Italy,ITA,2222524108127.65,1.46229205289291,1.82974112202403,22.6200727686655,81.4341463414634,40.79,100,27.2450545395013,81.1708226078018
2007,YR2007,Japan,JPN,4579750920354.81,1.48396941157472,0.0600394544986545,25.7687401593638,82.5070731707317,74.3,100,17.2891273707229,96.2301520708008
2007,YR2007,"Korea, Rep.",KOR,1172614086539.86,5.79954841503216,2.53457382137932,33.0974830502206,79.119512195122,78.8,100,37.3921796905127,129.136189520366
2007,YR2007,Luxembourg,LUX,51587401415.7872,8.09866723048083,2.31245861786127,19.5133253491461,79.3829268292683,78.92,100,169.576705513534,85.3118398397658
2007,YR2007,Malaysia,MYS,193549569477.733,6.29878592740947,2.02735317779569,23.4095349745995,74.961,55.7,98.9,106.168274866985,101.420335166982
2007,YR2007,Mexico,MEX,1102355554880.44,2.0778639395329,3.96684905458234,23.0719146894422,73.796,20.81,97.9,26.7810613301488,17.0345191557107
2007,YR2007,Netherlands,NLD,853499460872.552,3.88530644801823,1.61385859802103,23.2286138653607,80.0975609756098,85.82,100,68.7100477700614,112.717594636907
2007,YR2007,New Zealand,NZL,137188946865.584,3.05641638984955,2.37614310290658,24.7759451018626,80.1512195121951,69.76,100,29.2731139479196,134.733716177487
2007,YR2007,Norway,NOR,402643260487.572,2.91404000653228,0.712589073634204,27.0747410995969,80.3951219512195,86.93,100,42.9575531295574,98.986939098558
2007,YR2007,Portugal,PRT,240496147317.381,2.50657936515483,2.45396528138742,23.0998862393828,78.3219512195122,42.09,100,31.1941845713373,142.159884398411
2007,YR2007,Qatar,QAT,79712087912.0879,17.9856568160263,..,46.0165706250517,77.741,37,100,60.2773718602663,41.5745316248035
2007,YR2007,Russian Federation,RUS,1299703478481.65,8.49997776916511,9.0072986886108,24.1645140334655,67.5868292682927,24.66,98.2,30.164060484537,37.7817730712061
2007,YR2007,Saudi Arabia,SAU,415964509673.115,2.21365396372528,4.16782716547868,26.4729184187854,75.066,30,100,59.9374401392842,37.071588765142
2007,YR2007,Singapore,SGP,180941701357.97,9.02151951268893,2.10980166714573,23.0659529090098,80.4414634146342,69.9,100,212.779393731371,85.3516862634655
2007,YR2007,Slovenia,SVN,47880266542.577,7.1392312914716,3.657495632841,33.2981260591771,78.5609756097561,56.74,100,68.1644475188117,71.3364482244265
2007,YR2007,South Africa,ZAF,333077117253.684,5.36047405394162,6.17781214809388,19.3259650755187,54.948,8.06538,82,27.958964394702,70.3818820266591
2007,YR2007,Spain,ESP,1476746276854.51,3.53350013165972,2.78679745804946,30.458980215138,80.8731707317073,55.11,100,25.9230971257706,167.635941463016
2007,YR2007,Switzerland,CHE,490740715594.802,3.91637577227581,0.73235060312225,26.7888145984599,81.7414634146342,77.2,100,61.5528145502156,153.597318200965
2007,YR2007,Sweden,SWE,490050156832.574,3.22491132428186,2.21216883436734,24.0777971777253,80.9,82.01,100,47.7232469171846,111.251751505291
2007,YR2007,Thailand,THA,262942621455.053,5.43515169050809,..,25.4960142904031,73.779,20.03,94.1,68.8722751702483,86.2263217343406
2007,YR2007,Turkiye,TUR,681321124295.914,5.04350793157104,8.75618090972639,28.6014978751041,74.129,28.63,99.7,21.8895256942149,28.0162488758688
2007,YR2007,United Arab Emirates,ARE,257916133424.098,3.18439017324607,..,25.1991828204692,81.438,61,100,72.3840975003088,56.0323776363312
2007,YR2007,United States,USA,14474228000000,2.00385829909158,2.85267248150138,22.5575692188903,77.9878048780488,75,100,11.4637892950146,59.3775158702738
2007,YR2007,United Kingdom,GBR,3090510204081.63,2.62487995340285,2.38656150773327,18.6449631855251,79.4487804878049,75.09,100,25.5115603212923,169.999812253623
2007,YR2007,Viet Nam,VNM,77414425532.2452,7.12950448605439,8.34444889773837,39.5662708970146,73.385,20.7554,93.1,70.517874602272,85.63968738395
2008,YR2008,Germany,DEU,3808786022312.5,0.910403214153277,2.6283798163722,20.898952766365,79.7365853658537,78,100,40.9425488863489,95.3869976213277
2008,YR2008,India,IND,1198895139005.92,3.08669805921981,8.34926704907581,38.4224196528192,66.247,4.38,74.1,24.0973572601391,49.559366687116
2008,YR2008,Australia,AUS,1056112427190.38,3.58626695226046,4.35029854990048,28.6033151100897,81.3951219512195,71.67,100,20.1488773165122,121.713420287772
2008,YR2008,Austria,AUT,429234399096.173,1.45330562142114,3.21595033239886,24.7047623915806,80.4317073170732,72.87,100,53.5983913417575,96.1263148590629
2008,YR2008,Belgium,BEL,517328087920.078,0.446905130727231,4.48944420508402,25.9367703303917,79.6804878048781,68.8573,100,80.8806199752035,62.7577342668556
2008,YR2008,Brazil,BRA,1695855083497.52,5.09419544658736,5.67859390284167,21.6193828541669,73.111,33.83,98.5,13.5340005128387,45.782255995169
2008,YR2008,China,CHN,4667346414521.95,9.67024588602851,5.92525137041092,41.9607249432501,74.833,22.6,98.8,32.092513602143,100.394357016482
2008,YR2008,Denmark,DNK,354979471960.142,-0.417178439991005,3.41626794258373,24.0357328016323,78.4463414634146,85.02,100,53.9709187280921,190.316755626298
2008,YR2008,Indonesia,IDN,510228634992.258,6.01370360009123,10.2266663272483,27.8162445798583,68.085,7.91748,92.7,29.8082841673732,26.2964295414532
2008,YR2008,Ireland,IRL,275447471451.063,-4.48406956719268,4.03568834941386,24.6670937529866,80.0951219512195,65.34,100,84.333282431752,166.321037293602
2008,YR2008,Israel,ISR,221231658862.876,3.22209599987266,4.52744765138651,23.2287706528845,80.9512195121951,59.39,100,37.1735711862802,69.0121716122564
2008,YR2008,Italy,ITA,2417508414187.19,-1.02313851177097,3.34783258401022,22.0387757321995,81.4853658536585,44.53,100,26.7427615964483,83.2335798556298
2008,YR2008,Japan,JPN,5106679115127.3,-1.22428900061713,1.38007886164926,25.869579962101,82.5875609756098,75.4,100,17.2355433764071,96.7995569733688
2008,YR2008,"Korea, Rep.",KOR,1047339010225.25,3.01298487281167,4.67389655533408,33.6668294033225,79.5170731707317,81,100,47.6418852095772,141.949878467341
2008,YR2008,Luxembourg,LUX,58844277701.5258,-0.300175624936841,3.40187963025571,20.5796394806551,80.5390243902439,82.23,100,161.494761789301,101.153326883708
2008,YR2008,Malaysia,MYS,230811614370.384,4.83176988913097,5.44078221100769,21.4583043811993,75.151,55.8,99,99.4995772447266,96.6045684844061
2008,YR2008,Mexico,MEX,1161553459984.65,0.943331872912935,5.12498274575896,24.1213158802068,73.695,21.71,98.9,27.02006122825,16.1609169301114
2008,YR2008,Netherlands,NLD,957901566041.406,2.11681593642137,2.48650198289454,22.2059299952863,80.2512195121951,87.42,100,69.6056649864348,110.218655333418
2008,YR2008,New Zealand,NZL,133437126590.286,-1.01703846933975,3.95894937312061,22.9039037931743,80.3512195121951,72.03,100,32.0052043552236,144.237677846198
2008,YR2008,Norway,NOR,464917553191.489,0.481919549757933,3.75393081761005,25.7831499903704,80.5926829268293,90.57,100,46.2181008986951,101.786445015226
2008,YR2008,Portugal,PRT,263416394624.084,0.31924734289916,2.5885065765796,23.5794931626439,78.5243902439025,44.13,100,31.2610790783868,151.415292652547
2008,YR2008,Qatar,QAT,115270054945.055,17.6635563626089,..,41.1179671245022,78.262,44.3,100,61.3623526215314,40.7995648060098
2008,YR2008,Russian Federation,RUS,1660848058303.11,5.19996926404957,14.1107677840442,25.5012197086864,67.9492682926829,32,98.3,31.3095603335689,41.5508943579967
2008,YR2008,Saudi Arabia,SAU,519796800000,6.2379875365458,9.87024418404628,27.2957945617723,75.301,36,100,62.1115020331022,37.6843188466467
2008,YR2008,Singapore,SGP,193617323539.203,1.86348345462035,6.63544058395309,30.1596763689779,80.790243902439,69,100,228.993770935119,97.8642893229798
2008,YR2008,Slovenia,SVN,55509332322.3578,3.37223866114127,5.64742380573935,33.1452787386717,78.7658536585366,58,100,66.6359175894349,76.7725042203585
2008,YR2008,South Africa,ZAF,316131258616.309,3.1910438863288,9.90998456005467,21.2872491181391,55.982,8.43,81.9,32.2546736710677,69.5641201588549
2008,YR2008,Spain,ESP,1636115447612.5,0.767165748290694,4.07534335957339,28.4790441123592,81.1756097560976,59.6,100,25.5478087649402,170.743020696995
2008,YR2008,Switzerland,CHE,567267767519.158,2.8079835919566,2.42604117060157,27.4120262151199,81.9926829268293,79.2,100,63.1293186926904,145.856728730324
2008,YR2008,Sweden,SWE,514616528348.834,-0.923123085602214,3.43704910602875,23.9607192334419,81.1,90,100,49.0133079236968,118.416669885129
2008,YR2008,Thailand,THA,291382982430.951,1.72569884866334,..,28.2264349517752,74.221,18.2,94.8,71.4164181071068,87.7082434711581
2008,YR2008,Turkiye,TUR,770449132861.373,0.815024573007705,10.4441283764885,28.7390137150289,74.38,34.37,99.7,23.5662909262571,30.8966473581254
2008,YR2008,United Arab Emirates,ARE,315474615738.598,3.19183627331816,..,25.0980915438506,81.591,63,100,78.86788870154,67.610924076344
2008,YR2008,United States,USA,14769862000000,0.113587248160997,3.839100296651,21.0374951370568,78.0390243902439,74,100,12.4258439246081,59.5470669224759
2008,YR2008,United Kingdom,GBR,2929411764705.88,-0.248797260756646,3.52140856342538,17.5942520080321,79.6,78.39,100,27.5059613453815,190.15436746988
2008,YR2008,Viet Nam,VNM,99130304099.1274,5.66177120891362,23.1154483474477,36.4931217965814,73.455,23.92,93.8,70.3366919402715,82.8727709652009
2009,YR2009,Germany,DEU,3479800820863.28,-5.54516454479311,0.312739007368444,18.036009892299,79.8365853658537,79,100,35.4417264226192,96.8244036763439
2009,YR2009,India,IND,1341888016994.9,7.86188883286074,10.8823529411764,39.2567917551336,66.7,5.12,75,20.4005193743564,48.1244479112046
2009,YR2009,Australia,AUS,928762122698.05,1.89255581922549,1.77111716621253,27.3643396718515,81.5439024390244,74.25,100,23.0109850559796,122.507455358702
2009,YR2009,Austria,AUT,399290118782.429,-3.58626472551299,0.506308827696515,23.0148012049122,80.3317073170732,73.45,100,45.4869106822459,98.004316324417
2009,YR2009,Belgium,BEL,485014525992.461,-1.90644105515335,-0.0531456741253725,22.0264057475968,80.0341463414634,74.5441,100,68.5960770690546,58.4652273901757
2009,YR2009,Brazil,BRA,1666996438581.43,-0.125812002161169,4.88803479876799,18.796135029807,73.457,39.22,98.9,10.8513711347491,47.4942898466145
2009,YR2009,China,CHN,5189577094997.58,9.40269972778044,-0.728165250932903,44.9282638913962,75.317,28.9,99.1,24.3307718125403,122.288748651673
2009,YR2009,Denmark,DNK,322619152194.594,-4.97447905669058,1.30470991024336,19.0326255602397,78.5975609756098,86.84,100,46.9989097546293,200.399008860108
2009,YR2009,Indonesia,IDN,539580085612.401,4.62887118256153,4.38641311792073,30.9851924139981,68.267,6.92,93.6,24.1591196686279,24.8947731439176
2009,YR2009,Ireland,IRL,236443117248.477,-5.09578178826901,-4.44754686876747,20.3036686340799,80.190243902439,67.38,100,93.5561683403973,169.251111407609
2009,YR2009,Israel,ISR,213403181852.86,1.23773159721814,3.3676231727125,21.1617869838312,81.4048780487805,63.12,100,31.8215668375585,65.0748073576816
2009,YR2009,Italy,ITA,2209484319012.65,-5.30515401233991,0.774768131387376,19.7023773902113,81.6365853658537,48.83,100,22.2771595955525,86.9986796344792
2009,YR2009,Japan,JPN,5289493117993.89,-5.69323635892741,-1.35283672951723,22.6031764761029,82.9314634146342,78,100,12.41956574798,101.944443995455
2009,YR2009,"Korea, Rep.",KOR,943941876218.743,0.792698989518186,2.75649654493929,29.3999897291047,79.9682926829268,81.6,100,45.1853519113199,138.094914106527
2009,YR2009,Luxembourg,LUX,54467289897.5582,-3.23895409147492,0.368041997888892,16.1829007965354,80.6365853658537,87.31,100,147.925083013145,100.973750998797
2009,YR2009,Malaysia,MYS,202257453036.641,-1.51352871598714,0.583308405623704,17.8356949570531,75.269,55.9,99.3,91.4167918670926,111.447312995454
2009,YR2009,Mexico,MEX,943437415024.633,-6.29525056697287,5.29735584228857,23.2592508057594,73.628,26.34,98.3,26.5132697232887,17.2145203019325
2009,YR2009,Netherlands,NLD,878954223140.234,-3.66529049145096,1.18977687021549,20.5767305168581,80.5487804878049,89.63,100,61.6018141050156,116.241095699118
2009,YR2009,New Zealand,NZL,121663439315.385,-0.0374661120713,2.1156511055456,19.926477761063,80.7024390243902,79.7,100,28.6654584101329,141.737322291306
2009,YR2009,Norway,NOR,387976400617.019,-1.94036472596633,2.19738586853574,24.2956955575084,80.7951219512195,92.08,100,39.8101497225902,108.665367059719
2009,YR2009,Portugal,PRT,244667762835.543,-3.12207826048319,-0.835530021504154,20.8425074783613,78.7268292682927,48.27,100,27.2937427180784,159.792893296539
2009,YR2009,Qatar,QAT,97798351648.3516,11.9565611289086,..,42.9640491480002,78.837,53.1,100,51.1348760906328,51.7329737686314
2009,YR2009,Russian Federation,RUS,1222645900055.7,-7.79999391271275,11.6473295764118,18.9263757354968,68.6846341463415,42.55,98.4,27.9381012041521,45.2573017209595
2009,YR2009,Saudi Arabia,SAU,429097866666.667,-1.06671711240203,5.05722336873032,31.7152823567211,75.447,38,100,47.0886206534391,45.6298013133911
2009,YR2009,Singapore,SGP,194150283771.566,0.127953382778088,0.589142019610521,27.3701152111674,81.2414634146342,69,100,190.844935011128,96.8613057265634
2009,YR2009,Slovenia,SVN,49975540954.8465,-7.59058614046387,0.839262246793891,23.7456185537015,78.9707317073171,64,100,57.962823638698,84.0547213201858
2009,YR2009,South Africa,ZAF,329754060647.129,-1.53808913525583,7.23809523809527,18.7669441984248,57.413,10,82.6,24.9827464883237,66.946505312107
2009,YR2009,Spain,ESP,1496587590847.66,-3.76813306940053,-0.287813083535244,23.3519417701936,81.4756097560976,62.4,100,22.9853959496361,173.382324159591
2009,YR2009,Switzerland,CHE,554212916092.271,-2.29737452570922,-0.480481936423277,28.3419894943657,82.0439024390244,81.3,100,58.009669038461,155.118472472316
2009,YR2009,Sweden,SWE,434313804907.366,-4.25557374472815,-0.494460544377998,20.4599610547174,81.3512195121951,91,100,43.458344702151,124.562722932863
2009,YR2009,Thailand,THA,281710630187.319,-0.690618232300579,..,20.6363983767118,74.669,20.1,99,64.4386124917652,90.3410742433073
2009,YR2009,Turkiye,TUR,649289324627.732,-4.82315395301769,6.25097663090626,22.8163441368089,74.679,36.4,99.7,23.3701991459541,34.533659251837
2009,YR2009,United Arab Emirates,ARE,253547358747.447,-5.24292190385027,1.5618131744907,31.6335487625593,81.679,64,100,79.6533178621862,84.4646663341218
2009,YR2009,United States,USA,14478067000000,-2.57650023225001,-0.355546266299747,17.768753245858,78.390243902439,71,100,10.9322190593537,53.9001406021228
2009,YR2009,United Kingdom,GBR,2412840006231.5,-4.62055370768425,1.9617317356011,14.9658897651217,80.0512195121951,83.56,100,26.881551031055,191.969348504933
2009,YR2009,Viet Nam,VNM,106014659565.214,5.39789754014181,6.71698269988629,37.1625554335215,73.525,26.55,96.1,62.6088840664865,103.322353769645
2010,YR2010,Germany,DEU,3468154343000.01,4.14676755040489,1.1038103778926,19.5556676834629,79.9878048780488,82,100,39.4832687323685,86.7438055702086
2010,YR2010,India,IND,1675615519484.96,8.49758470221235,11.9893899204244,39.7856241847736,67.162,7.5,76.3,22.4009332487945,50.5553749785224
2010,YR2010,Australia,AUS,1148838233480.72,2.21998026536549,2.91834002677376,26.7843369965392,81.6951219512195,76,100,19.7962619659869,125.196332642521
2010,YR2010,Austria,AUT,389827789217.634,1.80898243043663,1.81353438995062,22.8592812354211,80.5804878048781,75.17,100,51.5839821122491,98.8057817503699
2010,YR2010,Belgium,BEL,481556503720.001,2.71031150254662,2.18929920422458,22.3942744569467,80.1829268292683,77.6398,100,75.8282898692443,56.7849458102909
2010,YR2010,Brazil,BRA,2208837745100.55,7.52822581815364,5.03872690108075,21.8013215585586,73.779,40.65,98.6,10.8655847752557,52.764657630443
2010,YR2010,China,CHN,6192564874453.29,10.5962719761682,3.17532475269199,46.1023443345586,75.668,34.3,99.7,26.7227451502264,124.41964802576
2010,YR2010,Denmark,DNK,322345594075.47,1.58289703108802,2.31092436974793,17.8221551141916,79.1,88.72,100,50.5907805356338,192.829781269552
2010,YR2010,Indonesia,IDN,755094157621.936,6.22385418062366,5.13420639015885,32.8801214533558,68.364,10.92,94.2,24.2990309366408,24.3564989277379
2010,YR2010,Ireland,IRL,221985621537.5,1.68297227062031,-0.918388645376769,17.2716650019484,80.7439024390244,69.85,100,103.209420364506,133.274209706726
2010,YR2010,Israel,ISR,239679036634.372,5.53434033902194,2.70270270270273,21.5383508792439,81.6024390243903,67.5,100,33.5283775791883,66.9353545932834
2010,YR2010,Italy,ITA,2144936254535,1.52910573247101,1.52551602118248,20.7969716146664,82.0365853658537,53.68,100,24.9186514223879,92.501740016207
2010,YR2010,Japan,JPN,5759071769013.11,4.09791791943181,-0.728243207517766,22.5903041279796,82.8426829268293,78.21,100,14.9185034496428,98.4929695650471
2010,YR2010,"Korea, Rep.",KOR,1143672241149.72,6.80482491783671,2.93928652655687,32.5521135765371,80.1170731707317,83.7,100,47.1037369107414,130.038594788854
2010,YR2010,Luxembourg,LUX,56213985987.4168,3.76041454320028,2.2736791162154,18.0831934936242,80.6317073170732,90.62,100,162.709857140044,86.1171271698051
2010,YR2010,Malaysia,MYS,255017638455.59,7.42484738326097,1.62285235577035,23.3865410976414,75.376,56.3,99.5,86.9302950693543,107.037442448206
2010,YR2010,Mexico,MEX,1105424238572.81,4.97133457799899,4.15672722680173,23.3314894135911,73.718,31.05,99.2,29.0174601196541,17.5428768938976
2010,YR2010,Netherlands,NLD,852464982433.335,1.31932032302214,1.27530569556683,20.0371060399178,80.7024390243902,90.72,100,69.2873649735157,112.988202580938
2010,YR2010,New Zealand,NZL,146887902524.052,1.45863634911349,2.30202385958574,20.3756573267404,80.9048780487805,80.46,100,30.197296130602,142.030452868692
2010,YR2010,Norway,NOR,431052143940.438,0.787051861494078,2.41890639481001,24.9886867450873,80.9975609756098,93.39,100,40.150329072743,109.526585861176
2010,YR2010,Portugal,PRT,238443864993.217,1.73762452780146,1.40257289895369,21.1994526798182,79.0268292682927,53.3,100,30.0275851235273,155.320501959879
2010,YR2010,Qatar,QAT,125122306346.154,19.5923315337859,..,31.2768696503041,79.444,69,100,62.3196825992819,44.6967899080159
2010,YR2010,Russian Federation,RUS,1524916715223.95,4.49999999920672,6.84939230255025,22.6150505519736,68.8412195121951,49,99.3,29.2155607849758,42.8363742200621
2010,YR2010,Saudi Arabia,SAU,528207466666.667,5.0395150823517,5.33941623014107,30.9262320159049,75.616,41,100,49.5697145263124,39.1641936148322
2010,YR2010,Singapore,SGP,239807980591.24,14.5197497108994,2.82884527612958,27.6582275190447,81.5414634146342,71,100,197.998960793027,94.8583721150003
2010,YR2010,Slovenia,SVN,47793117240.9001,1.11213719306735,1.80117022137135,22.5601344858632,79.4219512195122,70,100,64.8408281230436,85.7917407496726
2010,YR2010,South Africa,ZAF,417363822801.713,3.03973288127956,4.06749555950264,17.5956446037105,58.886,24,82.8,25.7834176267221,63.2695719815242
2010,YR2010,Spain,ESP,1427989078916.67,0.0941223116369514,1.79986457728772,22.3988413816153,81.6268292682927,65.8,100,25.8278133398939,171.30776265034
2010,YR2010,Switzerland,CHE,598851027947.721,3.24339715656356,0.688238707220029,25.8955592380437,82.2463414634147,83.9,100,64.8376282720378,153.928510894228
2010,YR2010,Sweden,SWE,492753255885.718,5.75073583944071,1.15798802715628,22.4215415830525,81.4512195121951,90,100,44.8762519600702,123.27950959741
2010,YR2010,Thailand,THA,341104766329.17,7.51339053261624,..,25.3566546340746,75.012,22.4,99.7,66.4861731592239,90.6825927526696
2010,YR2010,Turkiye,TUR,776967266305.53,8.42710432276191,8.56644420552977,26.7525140795599,74.964,39.82,100,21.1941333155525,41.599783298435
2010,YR2010,United Arab Emirates,ARE,300189052688.904,1.60285004671354,0.877983288285865,29.6463693617768,81.886,68,100,79.392673459848,71.8429042513727
2010,YR2010,United States,USA,15048971000000,2.69519258234851,1.6400434423899,18.6722135353972,78.5414634146342,71.69,100,12.3413554322086,52.2717167731814
2010,YR2010,United Kingdom,GBR,2485482596184.71,2.23331508815346,2.49265472467066,16.176215517922,80.4024390243902,85,100,28.8567426749383,184.367086480209
2010,YR2010,Viet Nam,VNM,147201173196.979,6.42324482239482,9.20746648778415,37.0990761715168,73.611,30.65,97.4,54.1758459668515,90.3531701049882
2011,YR2011,Germany,DEU,3824828563521.41,3.75796884487347,2.07517283735874,21.2927749735244,80.4365853658537,81.27,100,41.6299889730367,83.222056837991
2011,YR2011,India,IND,1823051829894.55,5.24131619937695,8.9117933648337,39.590421855219,67.623,10.07,79.5,24.5404113195713,51.2892331325447
2011,YR2011,Australia,AUS,1398610616772.97,2.40708018291988,3.30385015608741,26.4641090007536,81.8951219512195,79.4877,100,21.4372472346938,122.167796856948
2011,YR2011,Austria,AUT,428954737064.057,2.92746800169145,3.28657914875377,24.3521600435893,80.9829268292683,78.74,100,54.2920768831722,96.3308714596656
2011,YR2011,Belgium,BEL,527196649048.639,1.93115502411325,3.53208210722743,24.4795580355563,80.5853658536585,81.61,100,80.2713643518839,55.0140014901831
2011,YR2011,Brazil,BRA,2616156223917.69,3.97442307944702,6.63644962213086,21.8262711166856,74.047,45.69,99.3,11.5825126785455,58.0784911062018
2011,YR2011,China,CHN,7671757207851.29,9.4613358870736,5.55389892257491,46.2703012824496,75.889,38.3,99.9,26.1518828948067,121.162051983871
2011,YR2011,Denmark,DNK,344315595263.175,1.3108037609606,2.75868226051242,18.9874945831856,79.8,89.81,100,54.0836272472402,187.070965970457
2011,YR2011,Indonesia,IDN,892969104563.171,6.16978420771008,5.35604849112584,32.9843332593045,68.629,12.28,94.8,26.3273530888836,26.8785415281316
2011,YR2011,Ireland,IRL,241337364609.738,1.64877400406158,2.54897830208553,17.0788245574895,80.7463414634146,74.89,100,102.257501072052,114.569077145103
2011,YR2011,Israel,ISR,268094998225.028,5.51879621371651,3.48837209302326,23.4471273552999,81.6560975609756,68.8739,100,34.1820194106911,67.3742050777583
2011,YR2011,Italy,ITA,2306974020278.21,0.695463154440176,2.78063272879327,20.6773631014391,82.1878048780488,54.39,100,26.5629866543354,93.434132864862
2011,YR2011,Japan,JPN,6233147172341.35,0.0238095237995424,-0.272455616101245,23.5405686895679,82.5912195121951,79.0541,100,14.7744622613499,98.9981483525243
2011,YR2011,"Korea, Rep.",KOR,1253289537500.81,3.68566778212526,4.02596500436091,33.3194258170924,80.5682926829269,83.7591,100,53.3377319003336,132.538472437775
2011,YR2011,Luxembourg,LUX,61696281326.2453,1.04429855323325,3.41068341068342,19.2687977063888,80.9878048780488,90.0299,100,169.489123436331,84.1766300496446
2011,YR2011,Malaysia,MYS,297951668674.835,5.29391283414003,3.17447092151308,23.1882579658738,75.488,61,99.5,85.2554421085998,108.354991867137
2011,YR2011,Mexico,MEX,1229013703577.75,3.44404506308874,3.40737824605738,24.2517581287025,73.921,37.1763,99,30.442966223499,18.6434690512846
2011,YR2011,Netherlands,NLD,913140741332.687,1.77334516269423,2.34107017751372,19.9116480923396,81.2048780487805,91.42,100,75.1751870770854,113.511600093494
2011,YR2011,New Zealand,NZL,168484908960.078,2.09349621669912,4.02790667392041,20.6489426548507,81.1560975609756,81.23,100,30.3601069067379,..
2011,YR2011,Norway,NOR,501360549669.404,1.10565603382983,1.28495158809154,25.4459810194492,81.2951219512195,93.49,100,41.6612661743411,107.226090054233
2011,YR2011,Portugal,PRT,245426767676.002,-1.71352745071583,3.65301100430728,18.6613799007397,80.4707317073171,55.25,100,34.4115130933228,155.989744915495
2011,YR2011,Qatar,QAT,167775268626.374,13.3751764107929,1.13836623529203,29.0318365495885,79.994,69,100,72.6197091415413,39.748556059122
2011,YR2011,Russian Federation,RUS,2045922753398.04,4.30002918567749,8.44046485932569,24.2607379312639,69.6839024390244,58,99.2,28.0553614798549,41.6959443723592
2011,YR2011,Saudi Arabia,SAU,680660800000,11.7588568052005,5.82621886161563,26.765793867763,75.808,47.5,100,55.2733461365779,33.6286944686693
2011,YR2011,Singapore,SGP,279356499090.458,6.21493416858989,5.2511562463937,26.6919943455279,81.7439024390244,71,100,203.327708649538,104.703645381379
2011,YR2011,Slovenia,SVN,51199194599.3094,0.655438128379743,1.80285171941904,21.8690049997807,79.9707317073171,67.34,100,70.7829460940809,82.4575454445876
2011,YR2011,South Africa,ZAF,458199494830.834,3.16855627858818,5.00085338795019,18.8532376550132,60.602,33.97,83.6,27.6981484703752,61.4224875923479
2011,YR2011,Spain,ESP,1487568659241.25,-0.639920636520344,3.19610188833784,20.7135839205008,82.4756097560976,67.09,100,29.3884101095734,167.009703468733
2011,YR2011,Switzerland,CHE,715888126682.396,1.81310830459596,0.231349207650933,28.4924187348254,82.6951219512195,85.193,100,66.4499236497689,156.311693974719
2011,YR2011,Sweden,SWE,570541353128.724,3.16391049665788,2.96115073822142,23.2369592707907,81.8024390243903,92.77,100,45.4133584896493,124.766851965067
2011,YR2011,Thailand,THA,370818739623.622,0.840132083053334,3.80879058139633,26.7914582468449,75.302,23.6699,99.3,70.8549093801611,101.428972425595
2011,YR2011,Turkiye,TUR,838785289694.35,11.2001105833504,6.47187967115095,31.0033305545783,74.823,43.0657,100,22.9937012536403,46.1596915828407
2011,YR2011,United Arab Emirates,ARE,360832739550.715,6.21612181664371,0.877346595685107,25.3264458298247,81.898,78,100,87.5386024465685,61.8126181272136
2011,YR2011,United States,USA,15599732000000,1.56440685537306,3.156841568622,19.0335321145261,78.6414634146341,69.7295,100,13.5634637825829,50.6259497839287
2011,YR2011,United Kingdom,GBR,2663805834828.07,1.13836239840663,3.85611244682819,15.9295436638017,80.9512195121951,85.38,100,31.3875940550587,170.285987594055
2011,YR2011,Viet Nam,VNM,172595049183.925,6.41316889681683,18.6777322770707,32.3711434429224,73.713,35.07,99,61.1801557211956,79.9430818204467
2012,YR2012,Germany,DEU,3597896500945.31,0.47429132103845,2.00848884782953,19.5041030145909,80.5390243902439,82.35,100,42.6688163749205,82.158956998693
2012,YR2012,India,IND,1827637590410.41,5.45638755166587,9.47899691419798,38.3474156730403,68.076,11.1,79.9,24.534430661418,51.8885076473464
2012,YR2012,Australia,AUS,1547532281116.4,3.91670942454073,1.76278015613196,27.7160970136026,82.0463414634146,79,100,21.4931586992533,121.180279318981
2012,YR2012,Austria,AUT,406750487603.59,0.628246239479637,2.48567562177015,24.2558827220405,80.9365853658537,80.03,100,54.325492441456,94.4747330619808
2012,YR2012,Belgium,BEL,498414364944.961,0.215803612089744,2.83966343445896,23.5882360674433,80.3853658536585,80.72,100,80.0489721342421,54.489554819636
2012,YR2012,Brazil,BRA,2465227802806.76,1.92117598576537,5.40349914037005,21.4172253691912,74.335,48.56,99.5,11.8775390704316,62.5192932018235
2012,YR2012,China,CHN,8673664713189.24,7.85617427055587,2.61952432645539,45.8169211701107,76.2,42.3001,99.9,25.0767043295175,126.815170336428
2012,YR2012,Denmark,DNK,326792574244.963,-0.00543230161670749,2.39791485664643,19.2269717517509,80.0512195121951,92.26,100,55.0808426058575,182.294719350744
2012,YR2012,Indonesia,IDN,917869913332.649,6.03005065305615,4.27951426919427,35.0715936108893,68.862,14.52,96,24.5943787881769,29.8880264313911
2012,YR2012,Ireland,IRL,227270922957.327,-0.398960481731095,1.69474116680362,19.8576621385611,80.8463414634146,76.92,100,103.662234336169,110.465824989067
2012,YR2012,Israel,ISR,263589172712.391,2.44716836741318,1.67553715750051,23.914364095377,81.7048780487805,70.8,100,34.718418157701,66.2660468804081
2012,YR2012,Italy,ITA,2097929495121.68,-3.12523877282996,3.04136333226773,17.9698064515339,82.2390243902439,55.83,100,27.9851870768453,93.1160142531823
2012,YR2012,Japan,JPN,6272362996105.03,1.37475099905274,-0.0440645104432608,24.0049297197241,83.0960975609756,79.4964,100,14.4147746129824,99.9316848583954
2012,YR2012,"Korea, Rep.",KOR,1278046536287.01,2.40253099246186,2.18707104433316,31.3166467538553,80.819512195122,84.07,100,54.0940513351953,130.745918544913
2012,YR2012,Luxembourg,LUX,59776383527.3602,1.64990212764553,2.6628416550802,18.7523048822473,81.3926829268293,91.9499,100,171.211788066768,83.5829451760101
2012,YR2012,Malaysia,MYS,314443047642.111,5.47345419253853,1.66357102479208,25.7486213670602,75.552,65.8,99.8,79.2999139255312,114.054285705461
2012,YR2012,Mexico,MEX,1255110424665.92,3.55321075512755,4.11150981070296,24.3777390646541,74.128,39.75,99.1,31.5394503952292,19.0567029481838
2012,YR2012,Netherlands,NLD,845689017065.625,-0.977876877747732,2.45554765291609,18.5826577863124,81.1048780487805,92.86,100,79.5755903693531,116.009249018583
2012,YR2012,New Zealand,NZL,176560711239.147,2.36630664656174,1.05991318445632,21.2760294778962,81.4073170731707,81.6445,100,28.8015197819443,..
2012,YR2012,Norway,NOR,512777309840.997,2.71795924894734,0.696864111498301,25.8720343590957,81.4512195121951,94.65,100,41.2870648544023,105.099289929006
2012,YR2012,Portugal,PRT,216536676771.973,-4.05090265617167,2.77333854051582,15.7536608050077,80.3731707317073,60.34,100,37.7235057219779,152.650354888713
2012,YR2012,Qatar,QAT,186833502362.637,4.73001184360784,2.31534853431664,27.1444010434485,80.499,69.3,100,76.4724190759864,37.1241340033298
2012,YR2012,Russian Federation,RUS,2208293553878.42,4.02408615746921,5.07474300799148,24.5536933545168,70.0721951219512,66,100,26.9073203393663,43.911317202959
2012,YR2012,Saudi Arabia,SAU,751921333333.333,5.76150732412802,2.86626976609009,26.4578386746131,76.09,54,100,53.1198476436365,35.5685109967177
2012,YR2012,Singapore,SGP,295092888076.589,4.43549759378537,4.58084479423094,29.2629426703058,81.9951219512195,72,100,196.719612875759,112.973516048599
2012,YR2012,Slovenia,SVN,46167053954.3367,-2.91553782040462,2.59741386039011,18.8609355850954,80.1243902439024,68.35,100,73.5453480307472,79.9728599250539
2012,YR2012,South Africa,ZAF,434400545085.811,2.39623238465745,5.73797139141737,18.5845354435045,61.737,41,85.2,27.1391491937679,62.6147410751286
2012,YR2012,Spain,ESP,1330994811670.31,-2.86511368637748,2.44612782366812,18.5944685336556,82.4268292682927,69.81,100,31.2997362842724,157.416087817723
2012,YR2012,Switzerland,CHE,686420221557.99,1.17925385250513,-0.692552018105286,26.66022900376,82.6975609756098,85.2,100,67.7773730536667,162.222194612135
2012,YR2012,Sweden,SWE,549742183874.355,-0.414465736835979,0.888377506923639,21.99343162272,81.7048780487805,93.18,100,44.8327995721319,128.740892766623
2012,YR2012,Thailand,THA,397558325278.579,7.24279620249642,3.01489950334988,28.0241657146011,75.59,26.46,99.1,68.9512356297981,106.372386291138
2012,YR2012,Turkiye,TUR,880555885492.269,4.78849271108008,8.89156996512165,28.072859732263,75.552,45.13,100,24.3608755208614,48.7316275924212
2012,YR2012,United Arab Emirates,ARE,384610125391.423,1.8244807850986,0.662268900269053,23.9197807636146,81.913,85,100,97.6349633773452,58.9412661388211
2012,YR2012,United States,USA,16253970000000,2.289113386319,2.06933726526067,19.9507258841994,78.7414634146342,74.7,100,13.6440512687054,49.8984978557108
2012,YR2012,United Kingdom,GBR,2707089726614.64,1.50899834668228,2.57323479654526,16.0601967071538,80.9048780487805,87.48,100,30.6185684317404,160.632259022416
2012,YR2012,Viet Nam,VNM,195590661129.249,5.5045447041189,9.09470339557193,30.5592897696566,73.762,36.8,97.9,63.4739249038633,75.5493913710905
2013,YR2013,Germany,DEU,3808086291482.36,0.386224592046474,1.50472330251882,19.8107614184872,80.490243902439,84.17,100,41.6686546134315,80.6548017633437
2013,YR2013,India,IND,1856721507621.58,6.38610640094825,10.0178784746103,34.0231978997548,68.499,12.3,83.1,25.430861300519,52.385709516972
2013,YR2013,Australia,AUS,1577123329410.88,2.60219339436559,2.44988864142539,27.873484896287,82.1487804878049,83.4535,100,19.9765688678184,124.704074882297
2013,YR2013,Austria,AUT,426580502769.417,-0.250726423318454,2.00015616900599,23.9413047862951,81.1365853658537,80.6188,100,53.8898209853854,92.9373304589254
2013,YR2013,Belgium,BEL,524097026598.55,0.305494549070232,1.11309594027539,22.7089453730117,80.5878048780488,82.1702,100,78.9114134413606,56.1583492623087
2013,YR2013,Brazil,BRA,2472819535557.21,3.00482266944432,6.20431066640096,21.6937669568432,74.609,51.04,99.6,11.7422306460189,64.2305738283777
2013,YR2013,China,CHN,9743124247267.24,7.77872409446717,2.62105001748119,45.9224093546636,76.452,45.8,100,24.163343090563,131.934906062997
2013,YR2013,Denmark,DNK,344631016965.12,1.39267343161971,0.789071780078059,19.3525146403367,80.3,94.6297,100,54.9209092360852,176.475358898675
2013,YR2013,Indonesia,IDN,912524136718.018,5.5572636889101,6.41249457900392,33.8313567879018,69.064,14.94,96.5,23.9235763793605,32.3703350083152
2013,YR2013,Ireland,IRL,243301556084.989,2.19217619489058,0.515099484900551,18.3370894869621,80.9487804878049,78.2477,100,104.768806860884,102.245329399553
2013,YR2013,Israel,ISR,298478070673.058,4.08570918638205,1.58976347421478,22.3351826403335,82.0560975609756,70.2503,100,32.8051206257893,64.6647438526501
2013,YR2013,Italy,ITA,2153225581941.46,-1.81802510749792,1.21999342274302,17.0062223799047,82.690243902439,58.4593,100,28.177442406394,90.2279318804187
2013,YR2013,Japan,JPN,5212328181166.18,2.00510017681211,0.335037912184772,24.4176240405457,83.3319512195122,88.2194,100,15.7841567318773,102.864455044873
2013,YR2013,"Korea, Rep.",KOR,1370632955321.2,3.16470863647184,1.30134754547413,29.8853272856136,81.2707317073171,84.77,100,51.2920711097027,128.492053239461
2013,YR2013,Luxembourg,LUX,65203276466.9763,3.17178989968683,1.73403963519163,18.1453726914237,81.8,93.7765,100,176.383330927429,86.66145807119
2013,YR2013,Malaysia,MYS,323276235524.415,4.69372252557893,2.10501231233613,25.9371066959614,75.464,57.0575,99.6,75.6290410302627,119.79291768953
2013,YR2013,Mexico,MEX,1327436290439.27,0.852101550164704,3.80639069747206,22.6807316048179,74.289,43.46,99.1,30.7558005807208,21.3105243018521
2013,YR2013,Netherlands,NLD,883951539006.669,-0.0302325600539604,2.50689852657885,18.3607360340882,81.3048780487805,93.9564,100,80.3711722486241,112.965937313599
2013,YR2013,New Zealand,NZL,191012364176.878,2.58954199031598,1.13442266445812,22.1773812692661,81.4048780487805,82.78,100,28.7976232386808,140.366189180717
2013,YR2013,Norway,NOR,526014468085.106,1.01619084044641,2.12048620353118,27.3276198211521,81.7512195121951,95.0534,100,39.8613095344032,106.394646535084
2013,YR2013,Portugal,PRT,226677408291.745,-0.984106569072424,0.2744166666667,14.6835299275763,80.7219512195122,62.0956,100,39.5639503324812,142.85459081512
2013,YR2013,Qatar,QAT,198727642967.033,5.55604064306607,3.22197756829285,27.8279049329909,80.974,85.3,100,72.7178350242963,39.9970149161311
2013,YR2013,Russian Federation,RUS,2292470078346.22,1.75542214874298,6.75371026220948,23.2716819870194,70.5787804878049,67.97,100,25.845336826255,48.0224208303818
2013,YR2013,Saudi Arabia,SAU,769755733333.333,2.94569990701297,3.52995515752938,26.2949562527888,76.517,60.5,100,50.3725164415794,39.0113411908332
2013,YR2013,Singapore,SGP,307576360584.992,4.81763099120676,2.36439793742725,29.9795021855415,82.2463414634147,80.9021,100,195.077796338143,124.065951568619
2013,YR2013,Slovenia,SVN,47867056858.8892,-0.823776417691676,1.76920085881899,19.7842267864778,80.3219512195122,72.6756,100,74.9589463655648,66.090129406383
2013,YR2013,South Africa,ZAF,400886013595.573,2.48546800826588,5.78016910069177,19.1687625943111,62.388,46.5,85.2,28.379280320361,61.5563527705302
2013,YR2013,Spain,ESP,1362186923157.65,-1.42732224757626,1.40858109183014,17.412338687976,83.0780487804878,71.635,100,32.7554570166099,145.742318057197
2013,YR2013,Switzerland,CHE,706234937370.968,1.79214400716117,-0.217323155115691,25.1549339552027,82.7975609756098,86.34,100,72.0682136205549,164.054209672208
2013,YR2013,Sweden,SWE,584128116410.29,1.13771650768102,-0.0442929701485751,21.8990358460486,81.9560975609756,94.7836,100,42.7354944580727,131.013636289571
2013,YR2013,Thailand,THA,420333654592.547,2.68749556320556,2.18488618530681,27.4571011829666,75.96,28.94,99.4,67.1711410731483,111.520037366195
2013,YR2013,Turkiye,TUR,957799120008.32,8.48581699653026,7.49309030547697,29.6194607828599,76.171,46.25,100,23.7930095050818,56.7207127169354
2013,YR2013,United Arab Emirates,ARE,400218529748.128,5.05555965807969,1.10111836375708,21.6380023828241,81.95,88,100,98.0075860876661,58.5095596485019
2013,YR2013,United States,USA,16880683000000,2.11783009786468,1.46483265562717,20.3792583510987,78.7414634146342,71.4,100,13.5534918818154,49.0804750758204
2013,YR2013,United Kingdom,GBR,2784853502534.29,1.79992149702836,2.29166666666667,16.5602031255877,81.0048780487805,89.8441,100,30.2894247712844,149.538021770994
2013,YR2013,Viet Nam,VNM,213708811665.34,5.55351081026072,6.59267475899189,30.2129034609593,73.821,38.5,98.5,66.8004459919109,77.5581108210475
2014,YR2014,Germany,DEU,3965800686309.79,2.16949889758517,0.906794000434214,20.1582154450165,81.090243902439,86.1937,100,41.6838906996921,77.7666598552176
2014,YR2014,India,IND,2039126479154.52,7.41022760508854,6.66565671867896,34.2678056268836,68.932,13.5,85.1,22.9679630081172,51.8821873589628
2014,YR2014,Australia,AUS,1468265356427.76,2.59528411594042,2.48792270531401,26.7273294554667,82.3,84,100,21.0876033946651,128.442294533427
2014,YR2014,Austria,AUT,438556021078.034,0.755798850316665,1.60581182954475,23.848669034824,81.490243902439,80.9958,100,53.8561570961341,87.9791389799125
2014,YR2014,Belgium,BEL,537987419164.351,1.76554038149924,0.340002833356965,23.2582959776352,81.2878048780488,85.0012,100,79.3965205800202,57.6103761794733
2014,YR2014,Brazil,BRA,2456043727198.85,0.503955740242247,6.32904015516141,20.5484107553739,74.823,54.551,99.7,11.0119428190539,66.028510394056
2014,YR2014,China,CHN,10674533168257.4,7.46190028229434,1.92164162788522,45.3115352657107,76.714,47.9,100,23.0719766946892,137.621954048881
2014,YR2014,Denmark,DNK,352832602064.452,1.27799983192831,0.564020540449519,20.1482030437865,80.7,95.9935,100,54.8334037514843,173.40414329116
2014,YR2014,Indonesia,IDN,890814755533.537,5.006668425755,6.39492882396561,34.6003439149803,69.292,17.1432,97,23.6659845969367,32.9313976543609
2014,YR2014,Ireland,IRL,266787238499.03,9.33603375045837,0.190916398713822,21.911656975326,81.3487804878049,83.4917,100,110.323371612236,78.2802254597573
2014,YR2014,Israel,ISR,315017088116.716,3.77582843213109,0.467557251908428,22.8773413865491,82.1536585365854,75.0178,100,31.4890595862987,64.9332064924302
2014,YR2014,Italy,ITA,2173255507985.84,-0.00138761730454462,0.241047429826794,17.0766736026264,83.090243902439,55.6385,100,28.6224027363532,88.0646007046889
2014,YR2014,Japan,JPN,4896994405353.29,0.296205514141889,2.75922671353253,25.0363619892408,83.5878048780488,89.1068,100,17.4186553484795,103.312227381455
2014,YR2014,"Korea, Rep.",KOR,1484488526271.8,3.2024537945736,1.27477446401322,29.7904786327772,81.7219512195122,87.5568,100,47.8314208662979,131.555065108848
2014,YR2014,Luxembourg,LUX,68804811897.6445,2.62308679154881,0.628543985440711,19.0935867595733,82.2292682926829,94.6702,100,182.782592419634,86.3059645397737
2014,YR2014,Malaysia,MYS,338066095097.254,6.00672194558203,3.14299050879097,24.9776084262813,75.345,63.6654,99.7,73.7934986257765,120.528683526807
2014,YR2014,Mexico,MEX,1364507717764.6,2.50376349862891,4.01861608078671,22.2932759775507,74.404,44.3857,99.2,31.4629921965186,21.1326586435222
2014,YR2014,Netherlands,NLD,901556501756.467,1.61261001294011,0.976035079699672,17.7066341303839,81.7073170731707,91.6667,100,81.3822615368973,115.202607618029
2014,YR2014,New Zealand,NZL,201518402787.38,3.82638491760299,1.22750750597406,23.059728219927,81.4568292682927,84,100,27.9544041792052,140.791509804049
2014,YR2014,Norway,NOR,501736471832.848,2.04813200438943,2.0417028670721,27.2099921057026,82.1,96.3005,100,39.7276720425482,109.49343027463
2014,YR2014,Portugal,PRT,230078616299.675,0.741391416844507,-0.278153367467495,15.3444039472278,81.1219512195122,64.5924,100,40.1850905816292,129.569181257157
2014,YR2014,Qatar,QAT,206224598571.429,5.33432329196459,3.3497208565953,31.7900727516147,81.395,91.49,100,67.9981181320016,46.0863102171778
2014,YR2014,Russian Federation,RUS,2059241589895.01,0.736267221765672,7.82341183865507,22.3908642287739,70.7436585365854,70.5176,100,27.1110970517525,54.824250284702
2014,YR2014,Saudi Arabia,SAU,787153066666.667,4.02464070584527,2.23916590559671,28.5328325808043,77.116,64.7137,100,45.0958458227862,42.5570781320296
2014,YR2014,Singapore,SGP,314863580758.455,3.93554027709007,1.03316955857629,29.4300082792766,82.4951219512195,79.0292,100,191.953535787505,128.129763309946
2014,YR2014,Slovenia,SVN,49514466379.6057,2.76283327639742,0.199343826570771,19.7452653119649,81.0780487804878,71.5863,100,76.6524478122161,55.0275704110992
2014,YR2014,South Africa,ZAF,381198869776.106,1.41382645223793,6.13282953059149,18.4879638168327,63.184,49,85.9,29.0006193033471,61.7305341275616
2014,YR2014,Spain,ESP,1380244561361.96,1.52048593647231,-0.151114837527205,18.1481477916625,83.2292682926829,76.1867,100,33.2193399291014,129.341767497731
2014,YR2014,Switzerland,CHE,726537809429.524,2.34988141500179,-0.0132025387514989,25.553196003641,83.1975609756098,83.6173,100,65.3372700235326,165.117436849606
2014,YR2014,Sweden,SWE,577730245154.162,2.29576379216599,-0.179638494114693,22.8641392361599,82.2536585365854,92.5236,100,43.4579909644641,130.309310810173
2014,YR2014,Thailand,THA,407339040197.651,0.984468863619426,1.89514181898785,23.9190195478501,76.279,34.8861,99.5,68.3941351612178,113.994129533959
2014,YR2014,Turkiye,TUR,938934609296.966,4.9397151613658,8.8545727136432,28.9674633636774,76.452,51.0374,100,25.2055416974053,59.6367511552458
2014,YR2014,United Arab Emirates,ARE,414105366752.893,4.16569184064922,2.34626865671642,22.7007895581753,81.99,90.4,100,97.2525706492064,63.0598214364715
2014,YR2014,United States,USA,17608138000000,2.52381981372621,1.62222297740817,20.9011935276745,78.8414634146341,73,100,13.5082142132235,49.5680629436666
2014,YR2014,United Kingdom,GBR,3064708247921.43,3.19463731938923,1.45112016293279,17.7177191688224,81.3048780487805,91.6133,100,28.5762147291242,135.507793697121
2014,YR2014,Viet Nam,VNM,233451469642.519,6.42224312118567,4.08455446637623,30.2890267860991,73.886,41,99.2,69.5985759502054,80.0010314902415
2015,YR2015,Germany,DEU,3423568450957.03,1.65271978656361,0.514426137125455,19.4617989726638,80.6414634146341,87.5898,100,42.6044431481211,76.6093367685901
2015,YR2015,India,IND,2103588360044.94,7.99625378571471,4.9069734412726,32.1167301358276,69.326,14.9,88,19.8131891564045,51.8675240772049
2015,YR2015,Australia,AUS,1351296372254.31,2.19016928695221,1.5083667216592,26.2736236773973,82.4,84.5605,100,20.0661262864303,136.353973851483
2015,YR2015,Austria,AUT,379546097300.633,1.30352331826198,0.896563335260335,24.012126686949,81.190243902439,83.9401,100,53.3960122723239,85.9947836133829
2015,YR2015,Belgium,BEL,461044767544.531,1.47416433731927,0.561429152790087,23.3223676294346,80.9926829268293,85.0529,100,77.8777392199991,60.8023814909828
2015,YR2015,Brazil,BRA,1802212206814.5,-3.54576339269425,9.02990102416137,17.4116258675005,75.106,58.328,99.7,12.900191418386,66.8297006475728
2015,YR2015,China,CHN,11280814787468.9,6.97878002657477,1.43702380935656,42.7349872564364,76.975,50.3,100,20.939064223381,149.618620153294
2015,YR2015,Denmark,DNK,301758922337.637,2.10441456445301,0.452034153691592,20.5435311718122,80.7024390243902,96.3305,100,55.8143215733858,170.48078593545
2015,YR2015,Indonesia,IDN,860854232686.214,4.87632230022123,6.36312061196643,34.0627921803386,69.52,22.0627,97.5,21.1601792598059,33.0917288919434
2015,YR2015,Ireland,IRL,302391428540.035,24.6155698980205,-0.330959783371778,26.0589198204991,81.4536585365854,83.4948,100,122.924661429277,51.2166254593615
2015,YR2015,Israel,ISR,303469434072.296,2.23760317482488,-0.617342577642716,22.0950032219134,82.0512195121951,77.3521,100,30.8618661959764,65.710721319436
2015,YR2015,Italy,ITA,1845428048839.1,0.885667635240807,0.0387903996579146,17.2813174853484,82.5439024390244,58.1417,100,29.144111052532,86.7679522186824
2015,YR2015,Japan,JPN,4444930651964.18,1.56062669680782,0.795279630579784,25.1653478796719,83.7939024390244,91.058,100,17.4367598376529,101.747237108255
2015,YR2015,"Korea, Rep.",KOR,1466038936206.43,2.80910326824133,0.706331772455743,29.5292808218765,82.0243902439024,89.8963,100,42.989561527711,132.140712683632
2015,YR2015,Luxembourg,LUX,60071584216.1375,2.26978423302835,0.474743161437794,18.9584857711264,82.2926829268293,96.3767,100,191.835449041844,91.7840511552667
2015,YR2015,Malaysia,MYS,301355266964.947,5.09153242155011,2.10438980238356,25.424263277142,75.288,71.0641,99.9,69.4486908970754,123.06518059017
2015,YR2015,Mexico,MEX,1213294467779.98,2.70232344844723,2.72064064964029,23.7361297427944,74.431,57.431,99,34.1627726855471,23.049490105818
2015,YR2015,Netherlands,NLD,775743675302.734,2.12060523860846,0.600248147278746,22.1699860549934,81.509756097561,91.7241,100,83.9918475345943,110.132942396396
2015,YR2015,New Zealand,NZL,178224167087.99,3.69036908387233,0.292704628136088,23.1953014645751,81.6124390243903,85.2,100,27.9337478332662,143.729141280618
2015,YR2015,Norway,NOR,388159512245.53,1.85733971623901,2.17113665389527,26.9188414862645,82.3048780487805,96.8103,100,38.5751887349717,117.42316663275
2015,YR2015,Portugal,PRT,199038523119.639,1.58979802880627,0.487938623904796,15.9379888733382,81.1243902439025,68.6329,100,40.6876664090066,119.944517923524
2015,YR2015,Qatar,QAT,161739955576.923,4.75334572438737,1.81407723937758,37.0671762300681,81.785,92.8848,100,57.061477766584,70.8000232165512
2015,YR2015,Russian Federation,RUS,1363482182197.71,-1.97271922580408,15.5344050528404,22.148725318159,71.1834146341463,70.0992,95.5,28.703389442924,55.9356228501554
2015,YR2015,Saudi Arabia,SAU,693414400000,4.65512316652699,1.20469388504568,32.4339384933454,77.776,69.6162,100,31.4401316153804,52.7601798097453
2015,YR2015,Singapore,SGP,307998545269.398,2.97679931634806,-0.521975611895757,25.353193018866,82.7439024390244,79.013,100,178.384608499682,122.421353845761
2015,YR2015,Slovenia,SVN,42709468274.8137,2.39330621338168,-0.525552285820832,19.4686216573949,80.7756097560976,73.0987,100,77.6641701406595,50.3386368501953
2015,YR2015,South Africa,ZAF,346709790458.563,1.32186223678229,4.5186909489251,18.6332066638376,64.053,51.9191,85.3,27.7136384124829,62.5138381250989
2015,YR2015,Spain,ESP,1206164777553.12,4.06086672473866,-0.50036570990325,19.3734408230247,82.8317073170732,78.6896,100,33.2986849561039,118.20070057179
2015,YR2015,Switzerland,CHE,694118186379.628,1.64462750849488,-1.14390867228183,25.0748632817703,82.8975609756098,87.4791,100,63.8289557538988,166.770113283139
2015,YR2015,Sweden,SWE,501698263620.663,4.41014068702994,-0.046784744983309,23.788437157721,82.2048780487805,90.6102,100,43.7085174083032,127.486060714906
2015,YR2015,Thailand,THA,401296238228.084,3.13404724911635,-0.90042496329158,22.3556406383245,76.563,39.3161,99.6,67.6366902705865,115.856106155555
2015,YR2015,Turkiye,TUR,864313810469.009,6.08448690443663,7.67085364845881,28.1992021702007,76.539,53.745,100,24.5312773389092,62.5962435087523
2015,YR2015,United Arab Emirates,ARE,370275469571.137,6.78677287656618,4.06996608361595,22.3269675163384,82.076,90.5,100,96.8278056324385,76.4799206450576
2015,YR2015,United States,USA,18295019000000,2.94555045599772,0.118627135552451,21.4151895660781,78.690243902439,74.5542,100,12.4111486301271,50.8380157749774
2015,YR2015,United Kingdom,GBR,2927911140916.73,2.22288842280334,0.36804684232537,17.8693846072767,80.9560975609756,92.0003,100,27.845950666101,130.822911725893
2015,YR2015,Viet Nam,VNM,239258328381.741,6.98715430598611,0.63120090517572,32.1089158178217,73.955,45,99.3,72.9228518369495,90.399227327709
2016,YR2016,Germany,DEU,3537784107980.55,2.29471066413561,0.491747008445213,19.7348651955033,80.990243902439,84.1652,100,41.6238177033957,75.8180413064632
2016,YR2016,India,IND,2294796885663.16,8.25630550179086,4.94821634062135,30.172690580036,69.709,16.5,89.6,19.1582349105946,49.1012254191449
2016,YR2016,Australia,AUS,1206836962281.84,2.7593859723839,1.2769909449733,25.4481836814214,82.4487804878049,86.54,100,19.2787442533207,142.663702407647
2016,YR2016,Austria,AUT,393687359770.273,2.11721964494312,0.891591752655315,24.4571707244108,81.6414634146342,84.3237,100,52.6634020833052,83.2593874695782
2016,YR2016,Belgium,BEL,474271566739.729,1.19350273007754,1.97385264653175,24.1815766017974,81.4390243902439,86.5165,100,79.6181317071952,63.0230419091688
2016,YR2016,Brazil,BRA,1795693482853.01,-3.27591690782192,8.73914352329392,14.9695469721031,75.081,60.8725,99.7,12.4666790429968,62.1940069633522
2016,YR2016,China,CHN,11456024084962,6.77555562837017,2.00000182191942,42.1386166189127,77.214,53.2,100,19.2036507364961,153.182116756197
2016,YR2016,Denmark,DNK,312181849372.233,3.07304549209093,0.25000000000002,21.680712423112,80.8536585365854,96.9678,100,53.7439528985173,167.059346282627
2016,YR2016,Indonesia,IDN,931877364037.698,5.03306918280177,3.52580452815451,33.8587393039462,69.733,25.4474,97.6,19.0889938536664,33.126958275718
2016,YR2016,Ireland,IRL,305733136180.907,1.2226384923421,0.0201247735962648,35.5941897092708,81.6536585365854,83.5,100,124.197180256152,47.3400512716839
2016,YR2016,Israel,ISR,321940971558.016,4.45978271860821,-0.53516819571867,23.0646486702564,82.4073170731707,79.6531,100,29.6960089388032,64.7220904096286
2016,YR2016,Italy,ITA,1887111188176.93,1.23622108511661,-0.094016656915686,17.7118639941996,83.2439024390244,61.3243,100,28.7987488919157,84.0804391360283
2016,YR2016,Japan,JPN,5003677627544.24,0.753826745789127,-0.127258844489712,24.8355973184149,83.9848780487805,93.1827,100,16.0579692360598,103.506748969349
2016,YR2016,"Korea, Rep.",KOR,1499679823909.61,2.94688171508626,0.971685739912173,30.1426786021619,82.2756097560976,92.843,100,40.1326509111205,134.825791444247
2016,YR2016,Luxembourg,LUX,62216885435.9488,4.97819011520116,0.2908333333333,17.9319132619894,82.6853658536585,98.1367,100,191.098633740622,96.2530859448861
2016,YR2016,Malaysia,MYS,301256033870.334,4.44978139761541,2.09056659525741,25.9955119994004,75.371,78.7883,99.9,66.7754454542508,121.935428885839
2016,YR2016,Mexico,MEX,1112233497452.7,1.77249323400358,2.82170784747655,24.3433923355958,74.376,59.5404,99.5,36.8156772514808,25.1225977712557
2016,YR2016,Netherlands,NLD,797163949289.885,2.42428572955482,0.3166666666667,19.7764432256049,81.5609756097561,90.411,100,80.9095011629118,112.686916374492
2016,YR2016,New Zealand,NZL,189100085275.23,3.77911068354334,0.646240284454499,23.1657261077796,81.6585365853659,86.5,100,26.6113743203496,144.485598957471
2016,YR2016,Norway,NOR,370956547619.048,1.16472423928819,3.55,27.7264215581661,82.4073170731707,97.2982,100,35.9381714261875,122.887579889186
2016,YR2016,Portugal,PRT,206305431241.638,2.00414128646489,0.607397074641636,16.0283624571119,81.1243902439025,70.4236,100,40.3550889260564,111.226347738306
2016,YR2016,Qatar,QAT,151732181868.132,3.06419188430156,2.67659170098194,48.8690702249518,82.147,95.1247,100,47.7138414909054,79.708059824654
2016,YR2016,Russian Federation,RUS,1276786350881.14,0.193690071260534,7.04244762954794,23.0954224731096,71.6512195121951,73.0914,99.4,25.8544829769167,53.1006774426773
2016,YR2016,Saudi Arabia,SAU,689279466666.667,1.70407465765956,2.06740778344411,28.1170520868555,78.354,74.8793,99.9,29.1430897114591,54.375771847036
2016,YR2016,Singapore,SGP,319646468521.497,3.74757848792792,-0.529809760375466,26.3971777576543,82.8463414634146,84.4523,100,164.550664245506,123.483066251546
2016,YR2016,Slovenia,SVN,44290685824.0682,3.03441486663654,-0.0549995416704661,18.8479088939625,81.1756097560976,75.4985,100,78.4365866675597,47.1373227129928
2016,YR2016,South Africa,ZAF,323585509674.481,0.664552307858116,6.60290842394869,16.9604522948246,64.749,54,83.9,28.1560881698955,60.9974621907184
2016,YR2016,Spain,ESP,1243015667917.12,2.91515598595787,-0.20259800042646,19.0611122143393,83.3292682926829,80.5613,100,33.5770329849408,110.603517289466
2016,YR2016,Switzerland,CHE,687895460902.713,2.06868969039562,-0.434618664285838,25.561928395454,83.6024390243903,89.1347,100,66.817725925772,170.378231705051
2016,YR2016,Sweden,SWE,514218206628.325,2.34974080709026,0.984269244578052,24.3267362174214,82.3073170731707,89.6509,100,42.9104474221915,128.875298337487
2016,YR2016,Thailand,THA,413366349747.508,3.43515771692182,0.188149704448176,21.1054892015174,76.769,47.505,99.9,67.0708839693011,113.740962932935
2016,YR2016,Turkiye,TUR,869682881593.041,3.32308420845746,7.77513415328327,28.0196036096236,76.595,58.3477,100,23.0835091311263,65.2837544386583
2016,YR2016,United Arab Emirates,ARE,369255326235.534,5.56149075979933,1.61748808904197,21.6356185610315,82.195,90.6,100,97.6631210861556,81.1153278506553
2016,YR2016,United States,USA,18804913000000,1.81945147620522,1.26158320570536,20.8879562484549,78.5390243902439,85.5444,100,11.8881592273253,52.0119219820226
2016,YR2016,United Kingdom,GBR,2689106566899.61,1.92171009934007,1.00841736811403,17.9347223024184,81.1560975609756,94.7758,100,28.9023395233588,132.160249442044
2016,YR2016,Viet Nam,VNM,257096001177.982,6.69000892660424,2.66824816969081,31.7245390951042,73.984,53,99.2,74.1072862556183,98.8589607655139
2017,YR2017,Germany,DEU,3763092263752.95,2.71602454639843,1.50949485109622,20.5132823593337,80.9926829268293,84.3942,100,42.3259814296135,75.6631573259364
2017,YR2017,India,IND,2651474262755.45,6.79538341897911,3.328173374613,30.9821728344733,70.068,18.2,91.8,18.7917648392982,48.7940213990706
2017,YR2017,Australia,AUS,1325582658156.54,2.27959179820343,1.94864740944521,24.1763030856454,82.5,86.545,100,21.2566174818153,140.669087554556
2017,YR2017,Austria,AUT,414926138132.691,2.27224992038207,2.08126911385585,24.9780618382281,81.6439024390244,87.9356,100,54.3260296753968,84.3278786256394
2017,YR2017,Belgium,BEL,500908767351.53,1.47446761556785,2.12597086002608,24.3318331321638,81.4926829268293,87.6797,100,83.4444050525116,63.9603957716519
2017,YR2017,Brazil,BRA,2063514977365.65,1.32286905404399,3.44637335032668,14.6255875978858,75.383,67.4713,99.8,12.5189678698768,59.4843092973742
2017,YR2017,China,CHN,12537559062282.9,6.8912663621211,1.59313600071433,42.5497375507577,77.235,54.3,100,19.3356301658109,152.077716877518
2017,YR2017,Denmark,DNK,331610593961.988,3.05647723922718,1.14713216957606,21.9568242214893,81.1024390243903,97.0994,100,55.3459515613736,162.056089653455
2017,YR2017,Indonesia,IDN,1015618744159.73,5.06978590134916,3.80879857691949,33.7105947957751,69.953,32.3358,98.1,20.1773044351106,32.4174570125496
2017,YR2017,Ireland,IRL,348532394023.595,10.0496284821662,0.362173038229412,34.0175752653868,82.1560975609756,84.114,100,124.814999164,42.6010661546094
2017,YR2017,Israel,ISR,358451839052.991,4.3469311670646,0.249807840122998,23.1765981056332,82.5512195121951,81.5812,100,28.9776587580992,64.6374187852016
2017,YR2017,Italy,ITA,1970720904584.71,1.60369995294101,1.22653316645805,18.1694222906025,82.9463414634147,63.0773,100,30.1398859152774,79.5556072738612
2017,YR2017,Japan,JPN,4930837369151.42,1.67533175173359,0.484199796126422,25.2148269758242,84.099756097561,91.7265,100,17.5914391047836,106.008519671002
2017,YR2017,"Korea, Rep.",KOR,1623074183501.9,3.15963574012777,1.94433230786365,32.2880634736146,82.6268292682927,95.0694,100,40.9342069409884,136.492473272567
2017,YR2017,Luxembourg,LUX,65712180342.9836,1.31718713754285,1.73079959118893,18.8897175502242,82.0951219512195,97.363,100,192.747503540731,100.473133493731
2017,YR2017,Malaysia,MYS,319109094160.343,5.81272240983328,3.87120115774237,25.5473434515187,75.542,80.1405,100,70.011742508597,117.127301648807
2017,YR2017,Mexico,MEX,1190721475906,1.87172854186539,6.04145724018993,23.8923507095274,74.261,53.0318,100,37.5140886198874,26.1603576778415
2017,YR2017,Netherlands,NLD,848233537845.884,2.78154619309936,1.38145871407207,20.2151929584837,81.7609756097561,93.1973,100,85.1795472131327,109.260968408267
2017,YR2017,New Zealand,NZL,206745969246.073,3.37873219470765,1.85078767452534,23.70401682613,81.8585365853659,87.7,100,27.5634416584186,141.738219646981
2017,YR2017,Norway,NOR,401745275035.261,2.46374626574153,1.87510059552554,27.5528323979124,82.609756097561,96.3576,100,36.7322649944946,123.240808364953
2017,YR2017,Portugal,PRT,220862990767.229,3.31472056420827,1.36861411643479,17.44628649988,81.4243902439025,73.7912,100,42.9426786480198,102.754604777139
2017,YR2017,Qatar,QAT,161099122225.275,-1.49760470227838,0.394878914082963,42.6113615486274,82.458,97.3888,100,52.889422628417,79.967084983788
2017,YR2017,Russian Federation,RUS,1574199360089,1.82579006401834,3.68332944412233,23.6067558621651,72.4514634146342,76.0081,100,26.0908809797568,52.0738587070137
2017,YR2017,Saudi Arabia,SAU,741266133333.333,1.18207993308526,-0.836410331520586,25.4757265766537,78.721,94.1756,100,32.3625378991189,50.1375935809361
2017,YR2017,Singapore,SGP,343673334902.33,4.47689915845876,0.576763191180009,27.2765104656237,83.0951219512195,84.4523,100,171.741625509838,120.835774929407
2017,YR2017,Slovenia,SVN,48153200134.6613,5.17440215579958,1.42910743319303,20.2503347880345,81.0292682926829,78.8854,100,83.8819801621931,45.4658361837022
2017,YR2017,South Africa,ZAF,381448814653.456,1.15794695181735,5.18618655524146,16.6107340612402,65.422,56.1674,84.4,27.3400757812216,60.0845136813259
2017,YR2017,Spain,ESP,1321754088818.83,2.89604207865007,1.95607633363965,19.5656670290524,83.2829268292683,84.6022,100,34.9003952055684,104.413584678605
2017,YR2017,Switzerland,CHE,695200834102.045,1.36279965488859,0.533787839825897,26.0443143039171,83.5512195121951,89.6861,100,66.3484901920752,..
2017,YR2017,Sweden,SWE,536083940228.684,1.8251560179849,1.79449904665588,25.0752415442862,82.409756097561,93.0063,100,43.8942356892688,132.485952693345
2017,YR2017,Thailand,THA,456356813536.764,4.1776810321001,0.66563189313511,22.9342956887695,76.989,52.8919,99.9,66.6728324663767,112.084069145579
2017,YR2017,Turkiye,TUR,858988492853.742,7.50199748917491,11.1443110840765,30.6942181017627,77.037,64.6846,100,26.0394223439924,65.9372830900335
2017,YR2017,United Arab Emirates,ARE,390516804029.952,0.735068713941203,1.96682557818841,21.2814632346798,82.388,94.8199,100,97.8543060287568,77.2349659860705
2017,YR2017,United States,USA,19612102000000,2.45762230175086,2.13011000365961,21.1557690246563,78.5390243902439,87.2749,100,12.177481026766,52.0548723414074
2017,YR2017,United Kingdom,GBR,2680148052335.3,2.65650487566202,2.55775577557753,18.4831849687056,81.2560975609756,90.4246,100,30.8903510330461,132.940020610022
2017,YR2017,Viet Nam,VNM,281353605986.903,6.94019037359206,3.52025688811621,32.305300920099,74.026,58.14,100,81.7625218355655,103.972032257471
2018,YR2018,Germany,DEU,4052008447223.53,1.11644310902427,1.73216879766948,21.4705359458837,80.8926829268293,87.0371,100,42.6073917339186,76.2231684605363
2018,YR2018,India,IND,2702929641648.74,6.45385134497769,3.93882646691633,32.3432182154485,70.415,20.0813,95.7,19.9278285988562,50.3381627463062
2018,YR2018,Australia,AUS,1427809041019.44,2.87846971467883,1.91140094445694,24.6464120040498,82.7487804878049,90,100,21.8940905352475,140.019388123744
2018,YR2018,Austria,AUT,452582294972.775,2.48422114080024,1.99837981429547,25.8982762235252,81.6926829268293,87.4791,100,55.7022394735073,84.5707144749253
2018,YR2018,Belgium,BEL,542638913427.921,1.87796847383565,2.05316499865184,25.5515767637203,81.5951219512195,88.6473,100,83.4830567161373,66.3387246518871
2018,YR2018,Brazil,BRA,1916933898010.99,1.783666761634,3.66485028376727,15.0950416291605,75.633,70.4343,99.7,14.6349994955075,60.2183479381776
2018,YR2018,China,CHN,14147765772963.8,6.75671800166833,2.07479039965575,43.313827489682,77.709,59.2,100,18.7705198029033,154.988586024611
2018,YR2018,Denmark,DNK,355293374912.393,1.8600074900921,0.813609467455621,22.5323146804877,80.9536585365854,97.3192,100,56.9833683807386,161.960223775062
2018,YR2018,Indonesia,IDN,1042271532988.63,5.17429153955024,3.19834755924998,34.5705858319707,70.08,39.9046,98.5,21.0027464972455,32.7398328867464
2018,YR2018,Ireland,IRL,395461216460.418,7.5443421414267,0.471130713712891,28.197121467923,82.2048780487805,87.0001,100,122.965602851189,39.7499596173988
2018,YR2018,Israel,ISR,376299083108.497,4.00389862187025,0.805060379528465,24.1309941879779,82.8024390243903,83.7332,100,29.6925022331652,65.4796104912606
2018,YR2018,Italy,ITA,2099435266458.67,0.826646712344115,1.13748763600396,18.6608716078644,83.3463414634146,74.3872,100,30.8135072735991,75.441160157782
2018,YR2018,Japan,JPN,5040880939324.86,0.643391023533141,0.989094598021811,25.6417143090178,84.2109756097561,88.7464,100,18.3149455985223,106.09886170367
2018,YR2018,"Korea, Rep.",KOR,1725373496825.43,2.90740377377135,1.47583935002644,31.487184177201,82.6268292682927,96.0229,100,41.7132908430894,141.155014406863
2018,YR2018,Luxembourg,LUX,71085623495.1145,1.61129561338169,1.52819524307374,16.9949135422123,82.2951219512195,97.0613,100,197.218199953374,105.495019442592
2018,YR2018,Malaysia,MYS,358788845712.53,4.84308697634881,0.884709160571202,23.8974199608763,75.734,81.201,100,68.554971419686,120.246183069506
2018,YR2018,Mexico,MEX,1256300182775.8,1.97208207701884,4.89935015356547,23.4774930652721,74.301,56.6596,99.5,39.043930445163,26.0759933077727
2018,YR2018,Netherlands,NLD,929733599796.862,2.2587403735731,1.70349794744475,20.4804432515785,81.8121951219512,91.8919,100,87.0564594492635,103.704813959071
2018,YR2018,New Zealand,NZL,211985631173.205,3.47058203866328,1.59829703801696,23.9860432020994,81.7073170731707,89,100,27.8656152284463,141.740574918237
2018,YR2018,Norway,NOR,439788625883.8,0.828931500516902,2.76483134528787,27.7268430380858,82.7585365853659,96.4917,100,38.2210272883516,121.046384801574
2018,YR2018,Portugal,PRT,242092894542.888,2.946282440074,0.99371568346828,18.5247214985093,81.3243902439024,74.661,100,43.677580570852,96.9980504068812
2018,YR2018,Qatar,QAT,183334953818.681,1.23487220191065,0.255815382724384,40.6591002641156,82.714,99.6528,100,55.9418631716143,80.2897694886744
2018,YR2018,Russian Federation,RUS,1657328773461.31,2.80724541059601,2.87829723647885,21.9180891512463,72.6621951219512,80.8647,100,30.7932568020743,51.2413186959197
2018,YR2018,Saudi Arabia,SAU,886564800000,3.2269508901591,2.45719835917882,22.3727056762612,78.75,93.31,99.9,35.5209831625769,..
2018,YR2018,Singapore,SGP,377123710560.614,3.4519759658687,0.438784215129628,24.7748536752848,83.2975609756098,88.1656,100,178.198251436118,117.705383912056
2018,YR2018,Slovenia,SVN,53689067639.9176,4.37908347331195,1.73860861988179,21.5608446841882,81.3780487804878,79.75,100,85.5686370516669,43.6987152140003
2018,YR2018,South Africa,ZAF,405260723892.517,1.55678384721676,4.50987264867393,16.1705829786619,65.726,62.4,84.7,27.4970371508423,59.7411957032041
2018,YR2018,Spain,ESP,1431642809327.06,2.39541124478878,1.67498136863794,20.7061758213476,83.4317073170732,86.1072,100,34.874813986254,97.8516443450171
2018,YR2018,Switzerland,CHE,725568717468.001,2.86044579439036,0.936335464113563,25.7344532320312,83.7536585365854,91.8,100,67.4781861031999,..
2018,YR2018,Sweden,SWE,551312498430.164,1.90296457254834,1.95353530127028,25.3084848300209,82.5585365853659,89.247,100,45.8909449211588,132.86129774175
2018,YR2018,Thailand,THA,506754208404.485,4.22287028746071,1.06389754183025,25.2195901594439,77.19,56.8175,99.8,64.838096899332,112.137542156366
2018,YR2018,Turkiye,TUR,778972108040.602,3.0131703931215,16.3324638988928,29.4582364195468,77.454,71.0428,100,31.2326962348151,63.1321081676757
2018,YR2018,United Arab Emirates,ARE,427049432157.931,1.31391388153578,3.06863379251993,21.8306207812899,82.449,98.45,100,93.7169810154613,73.4396690331549
2018,YR2018,United States,USA,20656516000000,2.96650506916596,2.44258329692817,21.5690729259474,78.6390243902439,88.4989,100,12.2871107596266,51.7833180427474
2018,YR2018,United Kingdom,GBR,2871340347581.79,1.40519025981538,2.29283990345937,18.1814464871133,81.2560975609756,90.692,100,31.5801113597336,133.709225090879
2018,YR2018,Viet Nam,VNM,310106478394.659,7.46500685572751,3.53962805942638,32.019502902433,74.1,69.8479,100,84.4234560833365,105.275984683547
2019,YR2019,Germany,DEU,3957208055215.68,0.987893350164853,1.44565976888253,21.3000724211289,81.2926829268293,88.1345,100,42.3863044855837,77.552222423392
2019,YR2019,India,IND,2835606256558.19,3.87143694070356,3.72950573539127,30.0961975685688,70.746,29.5235,95.9,18.664264897257,50.7424617406439
2019,YR2019,Australia,AUS,1392723834562.64,2.17154505737176,1.6107678729038,23.391288227558,82.9,93.6099,100,24.1596779983146,136.21472648698
2019,YR2019,Austria,AUT,442983642371.842,1.75497619649288,1.53089564152644,25.5090080970816,81.8951219512195,87.7522,100,55.8958073929339,86.0215254846411
2019,YR2019,Belgium,BEL,536726344405.489,2.4428900448156,1.4368195699643,24.6756822316808,81.9951219512195,90.2754,100,82.9674275396401,67.7573168470454
2019,YR2019,Brazil,BRA,1873288205059.69,1.22077782360842,3.73297621216898,15.5167908009424,75.809,73.9124,99.8,14.1229191913178,62.7905049436121
2019,YR2019,China,CHN,14560167101283.4,6.06850235053705,2.89923416358229,42.6695374085222,77.94,64.0809,100,18.055706959796,162.207566232758
2019,YR2019,Denmark,DNK,345401473012.615,1.71140093932736,0.758131572511616,21.8859998750194,81.4512195121951,98.0464,100,58.9506079167167,161.898678914292
2019,YR2019,Indonesia,IDN,1119099871350.2,5.01928768046282,3.03058460941658,33.7801423773995,70.349,47.6906,98.9,18.5915277970883,32.4741186785734
2019,YR2019,Ireland,IRL,407124824064.995,5.04054996161159,0.937842961189285,53.7135535203871,82.7024390243903,87.0001,100,127.271542898368,36.0629743585384
2019,YR2019,Israel,ISR,400645216358.857,3.71049632750405,0.817645940292847,23.8648600543139,82.8048780487805,86.7879,100,28.9810422486608,64.4454254011685
2019,YR2019,Italy,ITA,2019606796583.53,0.429162533780342,0.611246943765281,18.3641315277239,83.4975609756098,67.8507,100,30.9498739181942,72.3613449346776
2019,YR2019,Japan,JPN,5117993853016.51,-0.402169200894946,0.468776159383928,25.7896961306359,84.3563414634146,92.7304,100,17.4635264275221,110.094965001574
2019,YR2019,"Korea, Rep.",KOR,1651422932447.77,2.24397786011012,0.383000303608088,31.4949336660816,83.2268292682927,96.1576,100,39.2758610673609,151.2580523722
2019,YR2019,Luxembourg,LUX,69872035113.6469,2.74931929072659,1.74332075653852,18.653116084379,82.6390243902439,97.1206,100,206.580145839872,109.012204271952
2019,YR2019,Malaysia,MYS,365177721021.516,4.41318742129586,0.662891865764397,21.0482403944815,75.9,84.1871,100,65.2777668428576,120.678377528772
2019,YR2019,Mexico,MEX,1304106203902.45,-0.392690505099296,3.63596142127045,22.1485426373991,74.53,69.6321,99.6,38.5296507920009,27.7681529240229
2019,YR2019,Netherlands,NLD,928903005576.469,2.30009157916757,2.63369910249596,21.7580356895369,82.1121951219512,93.2886,100,85.3209394926528,98.6364846999218
2019,YR2019,New Zealand,NZL,213006341101.869,2.31747144034802,1.61963190184049,23.7676954815243,82.0560975609756,89.8637,100,27.3298341875002,141.828430920737
2019,YR2019,Norway,NOR,408742840909.091,1.12374694968757,2.16773003305404,29.611444403947,82.9585365853659,98,100,36.640925320627,126.658487485324
2019,YR2019,Portugal,PRT,240115970063.019,2.74568479564236,0.338178410046057,18.76826598288,81.6756097560976,75.3464,100,43.6531259432991,93.2615963097003
2019,YR2019,Qatar,QAT,176371267692.308,0.688240954592672,-0.66664112486111,43.7354058328665,82.945,99.6528,100,52.1888599262863,100.395408496603
2019,YR2019,Russian Federation,RUS,1693115002708.32,2.19807571335009,4.47036660760176,22.6615137722235,73.0839024390244,82.6422,99.8,28.4334306799759,52.5599504782028
2019,YR2019,Saudi Arabia,SAU,888890133333.333,1.65156358885577,-2.0933490096655,25.5522842268021,78.313,95.7247,100,32.159204977113,..
2019,YR2019,Singapore,SGP,376161998830.048,1.30804118153127,0.567829988405464,24.5014074011136,83.5951219512195,88.9493,100,176.891299992751,119.467541690019
2019,YR2019,Slovenia,SVN,53909922735.545,3.50525332381912,1.63052260754342,20.8345240702316,81.5292682926829,83.1084,100,84.3570583498527,42.7113881765464
2019,YR2019,South Africa,ZAF,389330032224.269,0.25993557687633,4.1028507546115,15.8207933783179,66.071,69.6969,85,27.2021294051151,60.2217376053704
2019,YR2019,Spain,ESP,1403496387686.27,1.96117850841711,0.699518994458692,20.9088226144802,83.8317073170732,90.7187,100,34.6755629292261,93.4379561461582
2019,YR2019,Switzerland,CHE,721369112726.724,1.14198218965691,0.362886179940615,26.4377930438681,83.9048780487805,93.1461,100,66.9653936798419,..
2019,YR2019,Sweden,SWE,532169294165.94,2.54964787203104,1.78415097403837,24.4595597883993,83.109756097561,94.4934,100,48.2412138172619,131.50372419038
2019,YR2019,Thailand,THA,543976691793.886,2.11455779628278,0.706728601314275,23.8147525746375,77.197,66.6524,99.9,59.5188906218859,111.287330112966
2019,YR2019,Turkiye,TUR,761005915750.925,0.818514526726673,15.1768215720023,24.8780736162612,77.737,73.9767,100,33.0742160572998,61.8316121572156
2019,YR2019,United Arab Emirates,ARE,417989721742.682,1.10834813453296,-1.93108114782171,24.0692780432813,82.596,99.15,100,96.8595999294072,75.5055518029798
2019,YR2019,United States,USA,21539982000000,2.58382533018889,1.81221007526021,21.6698091948266,78.7878048780488,89.4303,100,11.7891974097286,52.2055711199058
2019,YR2019,United Kingdom,GBR,2851407164907.81,1.62447518038404,1.73810460086515,18.3786714033307,81.3691219512195,92.5166,100,31.63478028095,132.287310070499
2019,YR2019,Viet Nam,VNM,334365270496.667,7.35926270105006,2.79582367452249,31.9799606565797,74.211,68.6616,99.4,85.1575874073411,108.031900933361
2020,YR2020,Germany,DEU,3940142541354.1,-4.09513751682526,0.144877925813963,21.6667343069671,81.0414634146342,89.8129,100,39.1691838521344,82.9487595735182
2020,YR2020,India,IND,2674851578587.27,-5.77772470686801,6.62343677628536,28.9223840080659,70.156,43.4054,96.5,18.6824769296756,54.5052902460387
2020,YR2020,Australia,AUS,1328414058378.38,-0.119590735829973,0.846905537459283,22.4277286299436,83.2,94.6935,100,24.0267391579698,142.229832537004
2020,YR2020,Austria,AUT,434397601557.696,-6.31825509209936,1.38191063351859,25.6530737541266,81.1926829268293,87.5294,100,51.6630899700616,92.7332159422355
2020,YR2020,Belgium,BEL,529694473501.791,-4.7929839083518,0.740791812220353,24.068567845367,80.6951219512195,91.5264,100,79.1968705613294,74.1512307577193
2020,YR2020,Brazil,BRA,1476107231310.49,-3.2767587964736,3.21176803803373,16.1158206039466,74.506,81.3427,99.7,16.4535520094071,68.6961545842349
2020,YR2020,China,CHN,14996414166715.1,2.34018843078414,2.41942189457778,42.5723735094229,78.019,70.0528,100,18.2035821684675,179.104100221958
2020,YR2020,Denmark,DNK,355631021931.621,-1.78010601831291,0.420711974110097,22.7626532555055,81.6024390243903,96.5491,100,55.0368973244514,163.53675512979
2020,YR2020,Indonesia,IDN,1059054842698.48,-2.06551182934165,1.91983527270797,32.3434120537481,68.817,53.7265,97,17.3311682848923,33.1489580491511
2020,YR2020,Ireland,IRL,436555518400.451,7.1578988000836,-0.326183651280059,42.4628478103114,82.4560975609756,91.9999,100,135.462876703021,32.2997621376255
2020,YR2020,Israel,ISR,410768352657.612,-2.02161548237589,-0.575254620897805,24.6898161307496,82.6487804878049,90.1273,100,27.1722994385229,67.9564171768385
2020,YR2020,Italy,ITA,1907481094079.23,-8.86822122185345,-0.137707573916501,17.8986868297166,82.1951219512195,70.4834,100,28.7258551870199,81.0726558295782
2020,YR2020,Japan,JPN,5054068005376.28,-4.16876457146743,-0.024995834027682,25.2240172261075,84.56,90.2195,100,15.5331828643222,120.615069879143
2020,YR2020,"Korea, Rep.",KOR,1644312831906.17,-0.709415359397681,0.537288023411766,31.8845852650415,83.4268292682927,96.5051,100,36.359590549146,164.13617351072
2020,YR2020,Luxembourg,LUX,73670782100.3909,-0.510051634039826,0.819957302127018,17.9294900539992,82.1439024390244,98.4596,100,204.436962289215,110.212149628241
2020,YR2020,Malaysia,MYS,337456163961.211,-5.45684658426701,-1.13870215393055,19.6580082281542,76.057,89.555,100,61.5779359054349,133.785749444008
2020,YR2020,Mexico,MEX,1121064767401.51,-8.35403456576364,3.39683415570006,20.2366593490104,70.449,71.4902,99.4,39.2353720871536,27.6712194885917
2020,YR2020,Netherlands,NLD,932560861701.17,-3.86795333823223,1.27246037789166,21.3519779830807,81.3585365853659,91.3333,100,81.2415259478997,100.351761194322
2020,YR2020,New Zealand,NZL,213029554653.687,-0.307246896026541,1.71456170007245,23.1117429315929,82.2560975609756,95.2342,100,21.6971482843436,143.891481382266
2020,YR2020,Norway,NOR,367633418886.627,-1.27817177234034,1.28658490707998,31.3521157276673,83.209756097561,94.6076,100,32.2103377797679,138.370452756332
2020,YR2020,Portugal,PRT,229618773422.577,-8.20463201239903,-0.0124383299575331,19.4185791809348,81.3292682926829,78.2617,100,37.2560151344529,103.971918400043
2020,YR2020,Qatar,QAT,144411363351.648,-3.5576039896784,-2.54031503004764,43.8492040252077,80.409,99.6528,100,49.118878259958,138.419723334814
2020,YR2020,Russian Federation,RUS,1493075894362.14,-2.65365450102773,3.38165937237896,23.4558291480158,71.3387804878049,84.9947,99.9,25.5221855113549,59.5822951547538
2020,YR2020,Saudi Arabia,SAU,767951200000,-3.80476473038999,3.4454670643357,23.3158218039549,77.596,97.8623,100,23.8098115262185,..
2020,YR2020,Singapore,SGP,349165858544.568,-3.81470885510713,-0.172111865925357,22.8053955630909,83.5439024390244,92.0043,100,181.782024531778,129.190831594566
2020,YR2020,Slovenia,SVN,53384760135.1581,-4.08500094942896,-0.0548568157606016,20.1896719461532,80.5317073170732,86.6013,100,78.2717999916943,43.5662961007965
2020,YR2020,South Africa,ZAF,337974655408.055,-6.1689177146757,3.23238831615119,12.3455441478462,65.15,72.1128,90,27.5759141603963,61.9334200827078
2020,YR2020,Spain,ESP,1289783836971.21,-10.9400706350371,-0.322753017299685,20.6266482703898,82.2317073170732,93.2056,100,30.4810248544563,105.624708868292
2020,YR2020,Switzerland,CHE,741999406005.627,-2.14173712008038,-0.725874933313387,29.5787498388343,83,94.3499,100,64.0955571587348,..
2020,YR2020,Sweden,SWE,545147614972.141,-2.0053375219518,0.497367318853587,24.410184629369,82.3560975609756,94.5394,100,44.2599429832196,138.232631172652
2020,YR2020,Thailand,THA,500461898480.246,-6.05003846851622,-0.845937147357064,23.7553851722696,77.331,77.8437,100,51.4944266088919,125.42777388134
2020,YR2020,Turkiye,TUR,720338490327.248,1.85987303976462,12.2789574462574,31.3406099954945,76.525,77.6696,100,29.1207901808282,70.8965775838439
2020,YR2020,United Arab Emirates,ARE,349473015330.157,-4.95705243303316,-2.0794031794094,23.3288630345764,81.936,100,100,100.230158948476,87.9193658272154
2020,YR2020,United States,USA,21354105000000,-2.16302913866512,1.23358439630629,21.4188185362955,76.9804878048781,90.3447,100,10.0736556273372,53.7477838005325
2020,YR2020,United Kingdom,GBR,2696778386607.65,-10.296918859171,0.989486703772449,17.5811486266132,80.331756097561,94.8182,100,29.6697957580892,146.471904257979
2020,YR2020,Viet Nam,VNM,346615738537.796,2.86541320912272,3.22093436652516,31.915688393806,75.383,70.3,99.8,84.381598008957,115.525349937741
2021,YR2021,Germany,DEU,4348297440387.53,3.6699998840452,3.0666666666667,22.4613894888017,80.790243902439,91.4306,100,42.6575836538409,81.8025491913417
2021,YR2021,India,IND,3167270623260.47,9.68959249192875,5.13140747176368,32.1158221755014,67.282,..,99.6,21.3991583305515,50.1421581396983
2021,YR2021,Australia,AUS,1556735770437.26,2.11116814768786,2.86391042204996,22.9372400904775,83.3,96.9722,100,22.0566759771447,138.684517039077
2021,YR2021,Austria,AUT,480467037338.783,4.79532885699543,2.7666666666667,27.6732436856584,81.190243902439,92.5292,100,55.9533597032853,92.7676649374482
2021,YR2021,Belgium,BEL,598522422241.851,6.20759981274431,2.44024851144083,24.4420085715325,81.790243902439,92.7887,100,89.6253551052155,72.964537695298
2021,YR2021,Brazil,BRA,1670647398904.9,4.76260437908608,8.30165975585677,19.5218850206383,73.038,80.6899,99.5,19.1094303688709,68.8052245720638
2021,YR2021,China,CHN,18201698719564,8.57008513166322,0.981015135544894,42.6822612949312,78.117,73.0532,100,19.5262422245007,173.554518720488
2021,YR2021,Denmark,DNK,408378204639.999,7.38206633449863,1.85304543989681,23.6020021691337,81.4048780487805,98.8659,100,58.8254237804554,154.367211649864
2021,YR2021,Indonesia,IDN,1186509691086.73,3.70288562827751,1.56007882983335,31.4488724858485,67.452,62.1045,99.2,21.4165556390653,32.0107062631733
2021,YR2021,Ireland,IRL,531306516907.984,16.2556135233358,2.34034113447046,23.1108973888954,82.2536585365854,96.4235,100,133.055063604002,26.4375836236451
2021,YR2021,Israel,ISR,489851549972.347,9.38837403354628,1.47965474722565,25.8836407282582,82.5,90.2969,100,28.8234046153015,69.1783612035347
2021,YR2021,Italy,ITA,2179207773596.09,8.93106210800055,1.87378325762482,22.0011382315208,82.6463414634146,74.8623,100,31.1716088630092,74.4472993704123
2021,YR2021,Japan,JPN,5039148168861.22,2.69657404187188,-0.23335277939831,25.824730869587,84.4456097560976,82.9141,100,18.1091919388618,120.048102558038
2021,YR2021,"Korea, Rep.",KOR,1818432106880.04,4.30473481906969,2.4983333333334,32.3271937750171,83.5268292682927,97.5713,100,41.8772295047804,170.821154615773
2021,YR2021,Luxembourg,LUX,86386759695.1653,6.9297342584233,2.52692009066169,18.6878759943301,82.5975609756098,98.6609,100,215.618162988769,102.997694439279
2021,YR2021,Malaysia,MYS,373784823672.946,3.31534954399166,2.47710241465446,22.1257083996672,73.917,96.7514,100,70.6330555493337,127.231986109747
2021,YR2021,Mexico,MEX,1316569466735.28,6.04848345704632,5.68920847683757,21.7074939335623,69.75,75.6265,100,40.5691931994994,26.1189526418228
2021,YR2021,Netherlands,NLD,1054472123449.6,6.2768306708326,2.67572008805385,22.1938197521171,81.309756097561,92.053,100,86.4500028041052,93.8806572822612
2021,YR2021,New Zealand,NZL,253977931814.967,4.53540565716095,3.94112060778727,25.1120938859399,82.2073170731707,96.1151,100,22.3098859845046,140.761278176643
2021,YR2021,Norway,NOR,503367986030.268,3.90868676830634,3.48388055266683,25.0880506650083,83.1634146341463,99,100,43.0363019206366,116.227802895097
2021,YR2021,Portugal,PRT,256055879091.139,5.55875771556673,1.26565719069041,20.9347674224953,81.3780487804878,82.309,100,41.5484271843512,98.7525990646982
2021,YR2021,Qatar,QAT,179732009560.44,1.62684671918775,2.30446565742007,36.8015620866184,81.083,99.6528,100,58.7260170336864,122.882388509358
2021,YR2021,Russian Federation,RUS,1829186719575.1,5.86649177292595,6.69445891957613,23.0093392226061,69.900243902439,88.2138,100,30.0024195364041,54.6413312975395
2021,YR2021,Saudi Arabia,SAU,982661066666.667,6.51959698325419,3.06328988941548,26.3426467287873,77.089,100,100,29.1556614026837,..
2021,YR2021,Singapore,SGP,436591382250.464,9.7568044629903,2.31610315765142,24.0192234940025,83.0926829268293,96.9247,100,182.710806574886,..
2021,YR2021,Slovenia,SVN,61529280461.092,8.38965158187224,1.91706506089263,21.8553531475504,80.6756097560976,89.004,100,83.9773432516293,41.1050410623097
2021,YR2021,South Africa,ZAF,420886877628.703,4.95503259440756,4.61874544887136,12.7964275954655,62.01,74.9686,89.3,31.1035988061883,57.7849911651934
2021,YR2021,Spain,ESP,1461244901852.69,6.68314420473001,3.09313511976412,21.8740337716536,83.1780487804878,93.8975,100,33.7570843255301,96.2196695357409
2021,YR2021,Switzerland,CHE,815309330986.719,5.55962020605844,0.581814168489858,26.1555657203382,83.7512195121951,95.5694,100,71.1192329157335,..
2021,YR2021,Sweden,SWE,637186904843.636,5.93750858896414,2.16319736447151,25.2564742548596,83.0560975609756,94.6703,100,47.2996459572001,135.61648974286
2021,YR2021,Thailand,THA,506194668789.937,1.55216608426647,1.23039541318384,28.6690364408067,77.606,85.2696,100,58.5593891849287,126.775342478611
2021,YR2021,Turkiye,TUR,819865223976.115,11.4393956926566,19.5964926913324,31.4044678140387,75.722,81.4084,100,35.7436961064769,66.0703005114697
2021,YR2021,United Arab Emirates,ARE,415178792756.978,4.35475529659919,0.17993533617437,25.8270196988707,79.083,100,100,102.403084111353,75.1455268904555
2021,YR2021,United States,USA,23681171000000,6.05505293304556,4.69785886363742,21.3332820408248,76.3292682926829,91.2684,100,10.7909781995156,50.2008603946165
2021,YR2021,United Kingdom,GBR,3143323050707.26,8.57595087393024,2.5183710961421,18.0269099501181,80.6473170731707,96.1965,100,29.1802747877833,137.899273650127
2021,YR2021,Viet Nam,VNM,366474752771.009,2.55372852648131,1.83471554810446,32.8956023366901,74.145,74.21,100,93.8502071275575,124.282898747665
,,,,,,,,,,,,
,,,,,,,,,,,,
,,,,,,,,,,,,
Data from database: World Development Indicators,,,,,,,,,,,,
Last Updated: 10/07/2025,,,,,,,,,,,,
